--------------------------------------------------------
--  File created - Sunday-September-17-2023   
--------------------------------------------------------
--------------------------------------------------------
--  DDL for Table API_RESPONSE_VALUE_SETTERS
--------------------------------------------------------

  CREATE TABLE "USSD"."API_RESPONSE_VALUE_SETTERS" 
   (	"API" VARCHAR2(50 BYTE), 
	"KEY" VARCHAR2(20 BYTE), 
	"SETTER" VARCHAR2(20 BYTE)
   ) SEGMENT CREATION IMMEDIATE 
  PCTFREE 10 PCTUSED 40 INITRANS 1 MAXTRANS 255 
 NOCOMPRESS LOGGING
  STORAGE(INITIAL 65536 NEXT 1048576 MINEXTENTS 1 MAXEXTENTS 2147483645
  PCTINCREASE 0 FREELISTS 1 FREELIST GROUPS 1
  BUFFER_POOL DEFAULT FLASH_CACHE DEFAULT CELL_FLASH_CACHE DEFAULT)
  TABLESPACE "USERS" ;
--------------------------------------------------------
--  DDL for Table API_STATUS_VALUES
--------------------------------------------------------

  CREATE TABLE "USSD"."API_STATUS_VALUES" 
   (	"API" VARCHAR2(40 BYTE), 
	"STATUS_OK_IF" VARCHAR2(20 BYTE), 
	"XML_ROOT" VARCHAR2(20 BYTE)
   ) SEGMENT CREATION IMMEDIATE 
  PCTFREE 10 PCTUSED 40 INITRANS 1 MAXTRANS 255 
 NOCOMPRESS LOGGING
  STORAGE(INITIAL 65536 NEXT 1048576 MINEXTENTS 1 MAXEXTENTS 2147483645
  PCTINCREASE 0 FREELISTS 1 FREELIST GROUPS 1
  BUFFER_POOL DEFAULT FLASH_CACHE DEFAULT CELL_FLASH_CACHE DEFAULT)
  TABLESPACE "USERS" ;
--------------------------------------------------------
--  DDL for Table BALANCE
--------------------------------------------------------

  CREATE TABLE "USSD"."BALANCE" 
   (	"CUS_ID" NUMBER(3,0), 
	"BALANCE" FLOAT(126) DEFAULT 0
   ) SEGMENT CREATION IMMEDIATE 
  PCTFREE 10 PCTUSED 40 INITRANS 1 MAXTRANS 255 
 NOCOMPRESS LOGGING
  STORAGE(INITIAL 65536 NEXT 1048576 MINEXTENTS 1 MAXEXTENTS 2147483645
  PCTINCREASE 0 FREELISTS 1 FREELIST GROUPS 1
  BUFFER_POOL DEFAULT FLASH_CACHE DEFAULT CELL_FLASH_CACHE DEFAULT)
  TABLESPACE "USERS" ;
--------------------------------------------------------
--  DDL for Table BILLER_MAP
--------------------------------------------------------

  CREATE TABLE "USSD"."BILLER_MAP" 
   (	"CUS_ID" VARCHAR2(20 BYTE), 
	"NAME" VARCHAR2(20 BYTE), 
	"CATEGORY" VARCHAR2(20 BYTE)
   ) SEGMENT CREATION IMMEDIATE 
  PCTFREE 10 PCTUSED 40 INITRANS 1 MAXTRANS 255 
 NOCOMPRESS LOGGING
  STORAGE(INITIAL 65536 NEXT 1048576 MINEXTENTS 1 MAXEXTENTS 2147483645
  PCTINCREASE 0 FREELISTS 1 FREELIST GROUPS 1
  BUFFER_POOL DEFAULT FLASH_CACHE DEFAULT CELL_FLASH_CACHE DEFAULT)
  TABLESPACE "USERS" ;
--------------------------------------------------------
--  DDL for Table CUSTOMERS
--------------------------------------------------------

  CREATE TABLE "USSD"."CUSTOMERS" 
   (	"CUS_ID" NUMBER(5,0), 
	"NAME" VARCHAR2(30 BYTE), 
	"STATUS" VARCHAR2(6 BYTE), 
	"TYPE" VARCHAR2(8 BYTE)
   ) SEGMENT CREATION IMMEDIATE 
  PCTFREE 10 PCTUSED 40 INITRANS 1 MAXTRANS 255 
 NOCOMPRESS LOGGING
  STORAGE(INITIAL 65536 NEXT 1048576 MINEXTENTS 1 MAXEXTENTS 2147483645
  PCTINCREASE 0 FREELISTS 1 FREELIST GROUPS 1
  BUFFER_POOL DEFAULT FLASH_CACHE DEFAULT CELL_FLASH_CACHE DEFAULT)
  TABLESPACE "USERS" ;
--------------------------------------------------------
--  DDL for Table INTEGRATED_APIS
--------------------------------------------------------

  CREATE TABLE "USSD"."INTEGRATED_APIS" 
   (	"ID" VARCHAR2(20 BYTE), 
	"URL" VARCHAR2(50 BYTE)
   ) SEGMENT CREATION IMMEDIATE 
  PCTFREE 10 PCTUSED 40 INITRANS 1 MAXTRANS 255 
 NOCOMPRESS LOGGING
  STORAGE(INITIAL 65536 NEXT 1048576 MINEXTENTS 1 MAXEXTENTS 2147483645
  PCTINCREASE 0 FREELISTS 1 FREELIST GROUPS 1
  BUFFER_POOL DEFAULT FLASH_CACHE DEFAULT CELL_FLASH_CACHE DEFAULT)
  TABLESPACE "USERS" ;
--------------------------------------------------------
--  DDL for Table MENU_REGEX
--------------------------------------------------------

  CREATE TABLE "USSD"."MENU_REGEX" 
   (	"MENU" VARCHAR2(20 BYTE), 
	"REGEX" VARCHAR2(20 BYTE) DEFAULT '.*', 
	"ERROR_MSG" VARCHAR2(50 BYTE) DEFAULT 'Invalid input'
   ) SEGMENT CREATION IMMEDIATE 
  PCTFREE 10 PCTUSED 40 INITRANS 1 MAXTRANS 255 
 NOCOMPRESS LOGGING
  STORAGE(INITIAL 65536 NEXT 1048576 MINEXTENTS 1 MAXEXTENTS 2147483645
  PCTINCREASE 0 FREELISTS 1 FREELIST GROUPS 1
  BUFFER_POOL DEFAULT FLASH_CACHE DEFAULT CELL_FLASH_CACHE DEFAULT)
  TABLESPACE "USERS" ;
--------------------------------------------------------
--  DDL for Table MENU_ROUTES
--------------------------------------------------------

  CREATE TABLE "USSD"."MENU_ROUTES" 
   (	"ACCOUNT_TYPE" VARCHAR2(20 BYTE), 
	"PREV_RESPONSE" VARCHAR2(20 BYTE), 
	"NEXT_RESPONSE" VARCHAR2(20 BYTE), 
	"UINPUT" VARCHAR2(20 BYTE) DEFAULT '-1', 
	"SERVICE_ID" VARCHAR2(20 BYTE) DEFAULT 'none'
   ) SEGMENT CREATION IMMEDIATE 
  PCTFREE 10 PCTUSED 40 INITRANS 1 MAXTRANS 255 
 NOCOMPRESS LOGGING
  STORAGE(INITIAL 65536 NEXT 1048576 MINEXTENTS 1 MAXEXTENTS 2147483645
  PCTINCREASE 0 FREELISTS 1 FREELIST GROUPS 1
  BUFFER_POOL DEFAULT FLASH_CACHE DEFAULT CELL_FLASH_CACHE DEFAULT)
  TABLESPACE "USERS" ;
--------------------------------------------------------
--  DDL for Table MODES
--------------------------------------------------------

  CREATE TABLE "USSD"."MODES" 
   (	"OPTION_NAME" VARCHAR2(20 BYTE), 
	"S_TYPE" VARCHAR2(8 BYTE), 
	"R_TYPE" VARCHAR2(8 BYTE), 
	"CHARGES" FLOAT(5), 
	"SERVICE_ID" VARCHAR2(20 BYTE)
   ) SEGMENT CREATION IMMEDIATE 
  PCTFREE 10 PCTUSED 40 INITRANS 1 MAXTRANS 255 
 NOCOMPRESS LOGGING
  STORAGE(INITIAL 65536 NEXT 1048576 MINEXTENTS 1 MAXEXTENTS 2147483645
  PCTINCREASE 0 FREELISTS 1 FREELIST GROUPS 1
  BUFFER_POOL DEFAULT FLASH_CACHE DEFAULT CELL_FLASH_CACHE DEFAULT)
  TABLESPACE "USERS" ;
--------------------------------------------------------
--  DDL for Table PAGE_LIST
--------------------------------------------------------

  CREATE TABLE "USSD"."PAGE_LIST" 
   (	"MENU" NUMBER(5,0), 
	"ENTRIES" NUMBER(2,0)
   ) SEGMENT CREATION IMMEDIATE 
  PCTFREE 10 PCTUSED 40 INITRANS 1 MAXTRANS 255 
 NOCOMPRESS LOGGING
  STORAGE(INITIAL 65536 NEXT 1048576 MINEXTENTS 1 MAXEXTENTS 2147483645
  PCTINCREASE 0 FREELISTS 1 FREELIST GROUPS 1
  BUFFER_POOL DEFAULT FLASH_CACHE DEFAULT CELL_FLASH_CACHE DEFAULT)
  TABLESPACE "USERS" ;
--------------------------------------------------------
--  DDL for Table PASSWORDS
--------------------------------------------------------

  CREATE TABLE "USSD"."PASSWORDS" 
   (	"CUS_ID" NUMBER(3,0), 
	"PASSWORD" NUMBER(7,0)
   ) SEGMENT CREATION IMMEDIATE 
  PCTFREE 10 PCTUSED 40 INITRANS 1 MAXTRANS 255 
 NOCOMPRESS LOGGING
  STORAGE(INITIAL 65536 NEXT 1048576 MINEXTENTS 1 MAXEXTENTS 2147483645
  PCTINCREASE 0 FREELISTS 1 FREELIST GROUPS 1
  BUFFER_POOL DEFAULT FLASH_CACHE DEFAULT CELL_FLASH_CACHE DEFAULT)
  TABLESPACE "USERS" ;
--------------------------------------------------------
--  DDL for Table PROVIDER
--------------------------------------------------------

  CREATE TABLE "USSD"."PROVIDER" 
   (	"MENU" NUMBER(5,0), 
	"API_ID" VARCHAR2(5 BYTE), 
	"CUS_ID" NUMBER(4,0)
   ) SEGMENT CREATION IMMEDIATE 
  PCTFREE 10 PCTUSED 40 INITRANS 1 MAXTRANS 255 
 NOCOMPRESS LOGGING
  STORAGE(INITIAL 65536 NEXT 1048576 MINEXTENTS 1 MAXEXTENTS 2147483645
  PCTINCREASE 0 FREELISTS 1 FREELIST GROUPS 1
  BUFFER_POOL DEFAULT FLASH_CACHE DEFAULT CELL_FLASH_CACHE DEFAULT)
  TABLESPACE "USERS" ;
--------------------------------------------------------
--  DDL for Table REQUEST_BODY_GETTERS
--------------------------------------------------------

  CREATE TABLE "USSD"."REQUEST_BODY_GETTERS" 
   (	"API" NUMBER(5,0), 
	"TEMPLATE_VAL" VARCHAR2(10 BYTE), 
	"GETTER" VARCHAR2(20 BYTE)
   ) SEGMENT CREATION IMMEDIATE 
  PCTFREE 10 PCTUSED 40 INITRANS 1 MAXTRANS 255 
 NOCOMPRESS LOGGING
  STORAGE(INITIAL 65536 NEXT 1048576 MINEXTENTS 1 MAXEXTENTS 2147483645
  PCTINCREASE 0 FREELISTS 1 FREELIST GROUPS 1
  BUFFER_POOL DEFAULT FLASH_CACHE DEFAULT CELL_FLASH_CACHE DEFAULT)
  TABLESPACE "USERS" ;
--------------------------------------------------------
--  DDL for Table REQUEST_DATA
--------------------------------------------------------

  CREATE TABLE "USSD"."REQUEST_DATA" 
   (	"CATEGORY" VARCHAR2(25 BYTE), 
	"API" VARCHAR2(40 BYTE), 
	"BODY_TEMPLATE" VARCHAR2(150 BYTE), 
	"METHOD" VARCHAR2(6 BYTE) DEFAULT 'POST', 
	"TIMEOUT" VARCHAR2(20 BYTE)
   ) SEGMENT CREATION IMMEDIATE 
  PCTFREE 10 PCTUSED 40 INITRANS 1 MAXTRANS 255 
 NOCOMPRESS LOGGING
  STORAGE(INITIAL 65536 NEXT 1048576 MINEXTENTS 1 MAXEXTENTS 2147483645
  PCTINCREASE 0 FREELISTS 1 FREELIST GROUPS 1
  BUFFER_POOL DEFAULT FLASH_CACHE DEFAULT CELL_FLASH_CACHE DEFAULT)
  TABLESPACE "USERS" ;
--------------------------------------------------------
--  DDL for Table REQUEST_HEADERS
--------------------------------------------------------

  CREATE TABLE "USSD"."REQUEST_HEADERS" 
   (	"API_ID" NUMBER(5,0), 
	"KEY" VARCHAR2(20 BYTE), 
	"VALUE" VARCHAR2(40 BYTE)
   ) SEGMENT CREATION IMMEDIATE 
  PCTFREE 10 PCTUSED 40 INITRANS 1 MAXTRANS 255 
 NOCOMPRESS LOGGING
  STORAGE(INITIAL 65536 NEXT 1048576 MINEXTENTS 1 MAXEXTENTS 2147483645
  PCTINCREASE 0 FREELISTS 1 FREELIST GROUPS 1
  BUFFER_POOL DEFAULT FLASH_CACHE DEFAULT CELL_FLASH_CACHE DEFAULT)
  TABLESPACE "USERS" ;
--------------------------------------------------------
--  DDL for Table RESPONSES
--------------------------------------------------------

  CREATE TABLE "USSD"."RESPONSES" 
   (	"MENU" VARCHAR2(20 BYTE), 
	"RES_STR" VARCHAR2(160 BYTE), 
	"PAGINATION_REQUIRED" NUMBER(1,0) DEFAULT 0
   ) SEGMENT CREATION IMMEDIATE 
  PCTFREE 10 PCTUSED 40 INITRANS 1 MAXTRANS 255 
 NOCOMPRESS LOGGING
  STORAGE(INITIAL 65536 NEXT 1048576 MINEXTENTS 1 MAXEXTENTS 2147483645
  PCTINCREASE 0 FREELISTS 1 FREELIST GROUPS 1
  BUFFER_POOL DEFAULT FLASH_CACHE DEFAULT CELL_FLASH_CACHE DEFAULT)
  TABLESPACE "USERS" ;
--------------------------------------------------------
--  DDL for Table SERVICE_CLASSES
--------------------------------------------------------

  CREATE TABLE "USSD"."SERVICE_CLASSES" 
   (	"SERVICE_ID" VARCHAR2(20 BYTE), 
	"CLASS" VARCHAR2(40 BYTE)
   ) SEGMENT CREATION IMMEDIATE 
  PCTFREE 10 PCTUSED 40 INITRANS 1 MAXTRANS 255 
 NOCOMPRESS LOGGING
  STORAGE(INITIAL 65536 NEXT 1048576 MINEXTENTS 1 MAXEXTENTS 2147483645
  PCTINCREASE 0 FREELISTS 1 FREELIST GROUPS 1
  BUFFER_POOL DEFAULT FLASH_CACHE DEFAULT CELL_FLASH_CACHE DEFAULT)
  TABLESPACE "USERS" ;
--------------------------------------------------------
--  DDL for Table SESSION_DATA
--------------------------------------------------------

  CREATE TABLE "USSD"."SESSION_DATA" 
   (	"SESSION_ID" VARCHAR2(12 BYTE), 
	"SIM" NUMBER(10,0), 
	"LAST_INPUT" VARCHAR2(20 BYTE) DEFAULT -1, 
	"LAST_RESP" VARCHAR2(20 BYTE) DEFAULT -1, 
	"LAST_UPDATE" TIMESTAMP (6) DEFAULT CURRENT_TIMESTAMP, 
	"SERVICE_ID" VARCHAR2(20 BYTE) DEFAULT 'none', 
	"ON_PAGE" NUMBER DEFAULT -1
   ) SEGMENT CREATION IMMEDIATE 
  PCTFREE 10 PCTUSED 40 INITRANS 1 MAXTRANS 255 
 NOCOMPRESS LOGGING
  STORAGE(INITIAL 65536 NEXT 1048576 MINEXTENTS 1 MAXEXTENTS 2147483645
  PCTINCREASE 0 FREELISTS 1 FREELIST GROUPS 1
  BUFFER_POOL DEFAULT FLASH_CACHE DEFAULT CELL_FLASH_CACHE DEFAULT)
  TABLESPACE "USERS" ;
--------------------------------------------------------
--  DDL for Table SESSION_LOG
--------------------------------------------------------

  CREATE TABLE "USSD"."SESSION_LOG" 
   (	"SESSION_ID" VARCHAR2(20 BYTE), 
	"UINPUT" VARCHAR2(20 BYTE), 
	"LAST_UPDATE" TIMESTAMP (6) DEFAULT CURRENT_TIMESTAMP
   ) SEGMENT CREATION IMMEDIATE 
  PCTFREE 10 PCTUSED 40 INITRANS 1 MAXTRANS 255 
 NOCOMPRESS LOGGING
  STORAGE(INITIAL 65536 NEXT 1048576 MINEXTENTS 1 MAXEXTENTS 2147483645
  PCTINCREASE 0 FREELISTS 1 FREELIST GROUPS 1
  BUFFER_POOL DEFAULT FLASH_CACHE DEFAULT CELL_FLASH_CACHE DEFAULT)
  TABLESPACE "USERS" ;
--------------------------------------------------------
--  DDL for Table TRANSACTIONS
--------------------------------------------------------

  CREATE TABLE "USSD"."TRANSACTIONS" 
   (	"TRANS_NUMBER" NUMBER(3,0) GENERATED BY DEFAULT ON NULL AS IDENTITY MINVALUE 1 MAXVALUE 9999999999999999999999999999 INCREMENT BY 1 START WITH 1 CACHE 20 NOORDER  NOCYCLE  NOKEEP  NOSCALE , 
	"AMOUNT" FLOAT(126), 
	"SENDER_ID" NUMBER(3,0), 
	"RECEIVER_ID" NUMBER(11,0), 
	"SESSION_ID" VARCHAR2(20 BYTE), 
	"TYPE" VARCHAR2(20 BYTE), 
	"TIME" TIMESTAMP (6)
   ) SEGMENT CREATION IMMEDIATE 
  PCTFREE 10 PCTUSED 40 INITRANS 1 MAXTRANS 255 
 NOCOMPRESS LOGGING
  STORAGE(INITIAL 65536 NEXT 1048576 MINEXTENTS 1 MAXEXTENTS 2147483645
  PCTINCREASE 0 FREELISTS 1 FREELIST GROUPS 1
  BUFFER_POOL DEFAULT FLASH_CACHE DEFAULT CELL_FLASH_CACHE DEFAULT)
  TABLESPACE "USERS" ;
REM INSERTING into USSD.API_RESPONSE_VALUE_SETTERS
SET DEFINE OFF;
Insert into USSD.API_RESPONSE_VALUE_SETTERS (API,KEY,SETTER) values ('1001','text','setMessage');
Insert into USSD.API_RESPONSE_VALUE_SETTERS (API,KEY,SETTER) values ('1002','message','setMessage');
Insert into USSD.API_RESPONSE_VALUE_SETTERS (API,KEY,SETTER) values ('1003','resp','setMessage');
Insert into USSD.API_RESPONSE_VALUE_SETTERS (API,KEY,SETTER) values ('1004','val','setMessage');
Insert into USSD.API_RESPONSE_VALUE_SETTERS (API,KEY,SETTER) values ('1001','status','setStatus');
Insert into USSD.API_RESPONSE_VALUE_SETTERS (API,KEY,SETTER) values ('1002','stat','setStatus');
Insert into USSD.API_RESPONSE_VALUE_SETTERS (API,KEY,SETTER) values ('1003','success','setStatus');
Insert into USSD.API_RESPONSE_VALUE_SETTERS (API,KEY,SETTER) values ('1004','topupstatus','setStatus');
Insert into USSD.API_RESPONSE_VALUE_SETTERS (API,KEY,SETTER) values ('1001','trackingID','setTrackingID');
Insert into USSD.API_RESPONSE_VALUE_SETTERS (API,KEY,SETTER) values ('1002','transactionID','setTrackingID');
Insert into USSD.API_RESPONSE_VALUE_SETTERS (API,KEY,SETTER) values ('1003','transactionid','setTrackingID');
Insert into USSD.API_RESPONSE_VALUE_SETTERS (API,KEY,SETTER) values ('1004','topupid','setTrackingID');
Insert into USSD.API_RESPONSE_VALUE_SETTERS (API,KEY,SETTER) values ('1001','time','setTime');
Insert into USSD.API_RESPONSE_VALUE_SETTERS (API,KEY,SETTER) values ('1002','when','setTime');
Insert into USSD.API_RESPONSE_VALUE_SETTERS (API,KEY,SETTER) values ('1003','localtime','setTime');
Insert into USSD.API_RESPONSE_VALUE_SETTERS (API,KEY,SETTER) values ('1004','modified','setTime');
REM INSERTING into USSD.API_STATUS_VALUES
SET DEFINE OFF;
Insert into USSD.API_STATUS_VALUES (API,STATUS_OK_IF,XML_ROOT) values ('1001','success','none');
Insert into USSD.API_STATUS_VALUES (API,STATUS_OK_IF,XML_ROOT) values ('1002','okay','none');
Insert into USSD.API_STATUS_VALUES (API,STATUS_OK_IF,XML_ROOT) values ('1003','Yes','XmlRobiRes');
Insert into USSD.API_STATUS_VALUES (API,STATUS_OK_IF,XML_ROOT) values ('1004','complete','XmlTTRes');
REM INSERTING into USSD.BALANCE
SET DEFINE OFF;
Insert into USSD.BALANCE (CUS_ID,BALANCE) values (111,374);
Insert into USSD.BALANCE (CUS_ID,BALANCE) values (112,651);
Insert into USSD.BALANCE (CUS_ID,BALANCE) values (113,600);
Insert into USSD.BALANCE (CUS_ID,BALANCE) values (114,700);
Insert into USSD.BALANCE (CUS_ID,BALANCE) values (115,500);
Insert into USSD.BALANCE (CUS_ID,BALANCE) values (116,200);
Insert into USSD.BALANCE (CUS_ID,BALANCE) values (129,600);
Insert into USSD.BALANCE (CUS_ID,BALANCE) values (130,660);
Insert into USSD.BALANCE (CUS_ID,BALANCE) values (131,300);
Insert into USSD.BALANCE (CUS_ID,BALANCE) values (132,670);
Insert into USSD.BALANCE (CUS_ID,BALANCE) values (143,500);
Insert into USSD.BALANCE (CUS_ID,BALANCE) values (144,500);
Insert into USSD.BALANCE (CUS_ID,BALANCE) values (145,500);
Insert into USSD.BALANCE (CUS_ID,BALANCE) values (146,513);
Insert into USSD.BALANCE (CUS_ID,BALANCE) values (147,500);
Insert into USSD.BALANCE (CUS_ID,BALANCE) values (148,500);
Insert into USSD.BALANCE (CUS_ID,BALANCE) values (149,500);
Insert into USSD.BALANCE (CUS_ID,BALANCE) values (150,500);
Insert into USSD.BALANCE (CUS_ID,BALANCE) values (117,660);
Insert into USSD.BALANCE (CUS_ID,BALANCE) values (118,600);
Insert into USSD.BALANCE (CUS_ID,BALANCE) values (119,600);
Insert into USSD.BALANCE (CUS_ID,BALANCE) values (120,600);
Insert into USSD.BALANCE (CUS_ID,BALANCE) values (125,540);
Insert into USSD.BALANCE (CUS_ID,BALANCE) values (126,535);
Insert into USSD.BALANCE (CUS_ID,BALANCE) values (127,531);
Insert into USSD.BALANCE (CUS_ID,BALANCE) values (128,500);
Insert into USSD.BALANCE (CUS_ID,BALANCE) values (133,500);
Insert into USSD.BALANCE (CUS_ID,BALANCE) values (134,500);
Insert into USSD.BALANCE (CUS_ID,BALANCE) values (135,500);
Insert into USSD.BALANCE (CUS_ID,BALANCE) values (136,503);
Insert into USSD.BALANCE (CUS_ID,BALANCE) values (137,500);
Insert into USSD.BALANCE (CUS_ID,BALANCE) values (138,536);
Insert into USSD.BALANCE (CUS_ID,BALANCE) values (139,731);
Insert into USSD.BALANCE (CUS_ID,BALANCE) values (140,500);
Insert into USSD.BALANCE (CUS_ID,BALANCE) values (141,566);
Insert into USSD.BALANCE (CUS_ID,BALANCE) values (142,686);
REM INSERTING into USSD.BILLER_MAP
SET DEFINE OFF;
Insert into USSD.BILLER_MAP (CUS_ID,NAME,CATEGORY) values ('143','Biller5','Education');
Insert into USSD.BILLER_MAP (CUS_ID,NAME,CATEGORY) values ('144','Biller6','Education');
Insert into USSD.BILLER_MAP (CUS_ID,NAME,CATEGORY) values ('146','Biller8','Education');
Insert into USSD.BILLER_MAP (CUS_ID,NAME,CATEGORY) values ('145','Biller7','Electricity');
Insert into USSD.BILLER_MAP (CUS_ID,NAME,CATEGORY) values ('128','Biller4','Electricity');
Insert into USSD.BILLER_MAP (CUS_ID,NAME,CATEGORY) values ('127','Biller3','Gas');
Insert into USSD.BILLER_MAP (CUS_ID,NAME,CATEGORY) values ('126','Biller2','Electricity');
Insert into USSD.BILLER_MAP (CUS_ID,NAME,CATEGORY) values ('125','Biller1','Electricity');
REM INSERTING into USSD.CUSTOMERS
SET DEFINE OFF;
Insert into USSD.CUSTOMERS (CUS_ID,NAME,STATUS,TYPE) values (111,'Sadia','ACTIVE','PERSONAL');
Insert into USSD.CUSTOMERS (CUS_ID,NAME,STATUS,TYPE) values (112,'Sanzid','ACTIVE','PERSONAL');
Insert into USSD.CUSTOMERS (CUS_ID,NAME,STATUS,TYPE) values (113,'Arif','LOCKED','PERSONAL');
Insert into USSD.CUSTOMERS (CUS_ID,NAME,STATUS,TYPE) values (114,'Radoan','ACTIVE','PERSONAL');
Insert into USSD.CUSTOMERS (CUS_ID,NAME,STATUS,TYPE) values (115,'Tamim','ACTIVE','PERSONAL');
Insert into USSD.CUSTOMERS (CUS_ID,NAME,STATUS,TYPE) values (116,'Urmi','FROZEN','PERSONAL');
Insert into USSD.CUSTOMERS (CUS_ID,NAME,STATUS,TYPE) values (117,'Merchant1','ACTIVE','MERCHANT');
Insert into USSD.CUSTOMERS (CUS_ID,NAME,STATUS,TYPE) values (118,'Merchant2','ACTIVE','MERCHANT');
Insert into USSD.CUSTOMERS (CUS_ID,NAME,STATUS,TYPE) values (119,'Merchant3','ACTIVE','MERCHANT');
Insert into USSD.CUSTOMERS (CUS_ID,NAME,STATUS,TYPE) values (120,'Merchant4','FROZEN','MERCHANT');
Insert into USSD.CUSTOMERS (CUS_ID,NAME,STATUS,TYPE) values (121,'Bank1','ACTIVE','BANK');
Insert into USSD.CUSTOMERS (CUS_ID,NAME,STATUS,TYPE) values (122,'Bank2','ACTIVE','BANK');
Insert into USSD.CUSTOMERS (CUS_ID,NAME,STATUS,TYPE) values (123,'Bank3','ACTIVE','BANK');
Insert into USSD.CUSTOMERS (CUS_ID,NAME,STATUS,TYPE) values (124,'Bank4','ACTIVE','BANK');
Insert into USSD.CUSTOMERS (CUS_ID,NAME,STATUS,TYPE) values (125,'Biller1','ACTIVE','BILLER');
Insert into USSD.CUSTOMERS (CUS_ID,NAME,STATUS,TYPE) values (126,'Biller2','ACTIVE','BILLER');
Insert into USSD.CUSTOMERS (CUS_ID,NAME,STATUS,TYPE) values (127,'Biller3','FROZEN','BILLER');
Insert into USSD.CUSTOMERS (CUS_ID,NAME,STATUS,TYPE) values (128,'Biller4','ACTIVE','BILLER');
Insert into USSD.CUSTOMERS (CUS_ID,NAME,STATUS,TYPE) values (129,'Agent1','ACTIVE','AGENT');
Insert into USSD.CUSTOMERS (CUS_ID,NAME,STATUS,TYPE) values (130,'Agent2','ACTIVE','AGENT');
Insert into USSD.CUSTOMERS (CUS_ID,NAME,STATUS,TYPE) values (131,'Agent3','ACTIVE','AGENT');
Insert into USSD.CUSTOMERS (CUS_ID,NAME,STATUS,TYPE) values (132,'Agent4','FROZEN','AGENT');
Insert into USSD.CUSTOMERS (CUS_ID,NAME,STATUS,TYPE) values (134,'TELETALK_POSTPAID','ACTIVE','RECHARGE');
Insert into USSD.CUSTOMERS (CUS_ID,NAME,STATUS,TYPE) values (137,'GRAMEENPHONE_PREPAID','ACTIVE','RECHARGE');
Insert into USSD.CUSTOMERS (CUS_ID,NAME,STATUS,TYPE) values (135,'AIRTEL_PREPAID','ACTIVE','RECHARGE');
Insert into USSD.CUSTOMERS (CUS_ID,NAME,STATUS,TYPE) values (143,'Biller5','ACTIVE','BILLER');
Insert into USSD.CUSTOMERS (CUS_ID,NAME,STATUS,TYPE) values (144,'Biller6','ACTIVE','BILLER');
Insert into USSD.CUSTOMERS (CUS_ID,NAME,STATUS,TYPE) values (145,'Biller7','ACTIVE','BILLER');
Insert into USSD.CUSTOMERS (CUS_ID,NAME,STATUS,TYPE) values (146,'Biller8','ACTIVE','BILLER');
Insert into USSD.CUSTOMERS (CUS_ID,NAME,STATUS,TYPE) values (147,'Merchant5','ACTIVE','MERCHANT');
Insert into USSD.CUSTOMERS (CUS_ID,NAME,STATUS,TYPE) values (148,'Merchant6','ACTIVE','MERCHANT');
Insert into USSD.CUSTOMERS (CUS_ID,NAME,STATUS,TYPE) values (149,'Merchant7','ACTIVE','MERCHANT');
Insert into USSD.CUSTOMERS (CUS_ID,NAME,STATUS,TYPE) values (150,'Merchant8','ACTIVE','MERCHANT');
Insert into USSD.CUSTOMERS (CUS_ID,NAME,STATUS,TYPE) values (133,'TELETALK_PREPAID','ACTIVE','RECHARGE');
Insert into USSD.CUSTOMERS (CUS_ID,NAME,STATUS,TYPE) values (136,'AIRTEL_POSTPAID','ACTIVE','RECHARGE');
Insert into USSD.CUSTOMERS (CUS_ID,NAME,STATUS,TYPE) values (138,'GRAMEENPHONE_POSTPAID','ACTIVE','RECHARGE');
Insert into USSD.CUSTOMERS (CUS_ID,NAME,STATUS,TYPE) values (139,'ROBI_PREPAID','ACTIVE','RECHARGE');
Insert into USSD.CUSTOMERS (CUS_ID,NAME,STATUS,TYPE) values (140,'ROBI_POSTPAID','ACTIVE','RECHARGE');
Insert into USSD.CUSTOMERS (CUS_ID,NAME,STATUS,TYPE) values (141,'BANGLALINK_PREPAID','ACTIVE','RECHARGE');
Insert into USSD.CUSTOMERS (CUS_ID,NAME,STATUS,TYPE) values (142,'BANGLALINK_POSTPAID','ACTIVE','RECHARGE');
REM INSERTING into USSD.INTEGRATED_APIS
SET DEFINE OFF;
Insert into USSD.INTEGRATED_APIS (ID,URL) values ('1001','http://localhost:6811/mybl');
Insert into USSD.INTEGRATED_APIS (ID,URL) values ('1002','http://localhost:6811/mygp');
Insert into USSD.INTEGRATED_APIS (ID,URL) values ('1003','http://localhost:6811/myrobi');
Insert into USSD.INTEGRATED_APIS (ID,URL) values ('1004','http://localhost:6811/mytele');
REM INSERTING into USSD.MENU_REGEX
SET DEFINE OFF;
Insert into USSD.MENU_REGEX (MENU,REGEX,ERROR_MSG) values ('-1','.*','.');
Insert into USSD.MENU_REGEX (MENU,REGEX,ERROR_MSG) values ('1','[1-8]','Please enter a number between 1 and 8.');
Insert into USSD.MENU_REGEX (MENU,REGEX,ERROR_MSG) values ('11','[1-9]\d\d','Please enter a 3-digit A/C.');
Insert into USSD.MENU_REGEX (MENU,REGEX,ERROR_MSG) values ('11X','\d+(\.\d+)?','Please enter a valid numeric amount.');
Insert into USSD.MENU_REGEX (MENU,REGEX,ERROR_MSG) values ('11XX','\d{4}','Please enter a valid 4-digit PIN.');
Insert into USSD.MENU_REGEX (MENU,REGEX,ERROR_MSG) values ('12','[1-9]\d\d','Please enter a 3-digit A/C.');
Insert into USSD.MENU_REGEX (MENU,REGEX,ERROR_MSG) values ('12X','\d+(\.\d+)?','Please enter a valid numeric amount.');
Insert into USSD.MENU_REGEX (MENU,REGEX,ERROR_MSG) values ('12XX','.*','.');
Insert into USSD.MENU_REGEX (MENU,REGEX,ERROR_MSG) values ('12XXX','\d{4}','Please enter a valid 4-digit PIN.');
Insert into USSD.MENU_REGEX (MENU,REGEX,ERROR_MSG) values ('13','[1-5]','Please enter a number between 1 and 5.');
Insert into USSD.MENU_REGEX (MENU,REGEX,ERROR_MSG) values ('13X','[1-2]','Please enter a number between 1 and 2.');
Insert into USSD.MENU_REGEX (MENU,REGEX,ERROR_MSG) values ('13XX','01[1-9]\d{8}','Please enter a valid 11 digit mobile number.');
Insert into USSD.MENU_REGEX (MENU,REGEX,ERROR_MSG) values ('13XXX','\d+(\.\d+)?','Please enter a valid numeric amount.');
Insert into USSD.MENU_REGEX (MENU,REGEX,ERROR_MSG) values ('13XXXX','\d{4}','Please enter a valid 4-digit PIN.');
Insert into USSD.MENU_REGEX (MENU,REGEX,ERROR_MSG) values ('14','[1-9]\d\d','Please enter a 3-digit A/C.');
Insert into USSD.MENU_REGEX (MENU,REGEX,ERROR_MSG) values ('14X','\d+(\.\d+)?','Please enter a valid numeric amount.');
Insert into USSD.MENU_REGEX (MENU,REGEX,ERROR_MSG) values ('14XX','.*','.');
Insert into USSD.MENU_REGEX (MENU,REGEX,ERROR_MSG) values ('14XXX','\d{4}','Please enter a valid 4-digit PIN.');
Insert into USSD.MENU_REGEX (MENU,REGEX,ERROR_MSG) values ('15','\d*|[np]','Please enter a valid option.');
Insert into USSD.MENU_REGEX (MENU,REGEX,ERROR_MSG) values ('15X','\d+(\.\d+)?','Please enter a valid numeric amount.');
Insert into USSD.MENU_REGEX (MENU,REGEX,ERROR_MSG) values ('15XX','\d{4}','Please enter a valid 4-digit PIN.');
Insert into USSD.MENU_REGEX (MENU,REGEX,ERROR_MSG) values ('16','[12]|[np]','Please enter a valid option.');
Insert into USSD.MENU_REGEX (MENU,REGEX,ERROR_MSG) values ('16X','\d+(\.\d+)?','Please enter a valid numeric amount.');
Insert into USSD.MENU_REGEX (MENU,REGEX,ERROR_MSG) values ('16XX','.*','.');
Insert into USSD.MENU_REGEX (MENU,REGEX,ERROR_MSG) values ('16XXX','\d{4}','Please enter a valid 4-digit PIN.');
Insert into USSD.MENU_REGEX (MENU,REGEX,ERROR_MSG) values ('17','[1-3]','Please enter a number between 1 and 3.');
Insert into USSD.MENU_REGEX (MENU,REGEX,ERROR_MSG) values ('171','\d{4}','Please enter a valid 4-digit PIN.');
Insert into USSD.MENU_REGEX (MENU,REGEX,ERROR_MSG) values ('172','\d{4}','Please enter a valid 4-digit PIN.');
Insert into USSD.MENU_REGEX (MENU,REGEX,ERROR_MSG) values ('18','[1-2]','Please enter a number between 1 and 2.');
Insert into USSD.MENU_REGEX (MENU,REGEX,ERROR_MSG) values ('182','\d{4}','Please enter a valid 4-digit PIN.');
Insert into USSD.MENU_REGEX (MENU,REGEX,ERROR_MSG) values ('182X','\d{4}','Please enter a valid 4-digit PIN.');
Insert into USSD.MENU_REGEX (MENU,REGEX,ERROR_MSG) values ('182XX','\d{4}','Please enter a valid 4-digit PIN.');
REM INSERTING into USSD.MENU_ROUTES
SET DEFINE OFF;
Insert into USSD.MENU_ROUTES (ACCOUNT_TYPE,PREV_RESPONSE,NEXT_RESPONSE,UINPUT,SERVICE_ID) values ('PERSONAL','1','18','8','none');
Insert into USSD.MENU_ROUTES (ACCOUNT_TYPE,PREV_RESPONSE,NEXT_RESPONSE,UINPUT,SERVICE_ID) values ('PERSONAL','18','181','1','pin_forgot');
Insert into USSD.MENU_ROUTES (ACCOUNT_TYPE,PREV_RESPONSE,NEXT_RESPONSE,UINPUT,SERVICE_ID) values ('PERSONAL','18','182','2','pin_change');
Insert into USSD.MENU_ROUTES (ACCOUNT_TYPE,PREV_RESPONSE,NEXT_RESPONSE,UINPUT,SERVICE_ID) values ('PERSONAL','182','182X','-1','none');
Insert into USSD.MENU_ROUTES (ACCOUNT_TYPE,PREV_RESPONSE,NEXT_RESPONSE,UINPUT,SERVICE_ID) values ('PERSONAL','182X','182XX','-1','none');
Insert into USSD.MENU_ROUTES (ACCOUNT_TYPE,PREV_RESPONSE,NEXT_RESPONSE,UINPUT,SERVICE_ID) values ('PERSONAL','182XX','182XXX','-1','none');
Insert into USSD.MENU_ROUTES (ACCOUNT_TYPE,PREV_RESPONSE,NEXT_RESPONSE,UINPUT,SERVICE_ID) values ('PERSONAL','1','12','2','trns_send');
Insert into USSD.MENU_ROUTES (ACCOUNT_TYPE,PREV_RESPONSE,NEXT_RESPONSE,UINPUT,SERVICE_ID) values ('PERSONAL','12','12X','-1','none');
Insert into USSD.MENU_ROUTES (ACCOUNT_TYPE,PREV_RESPONSE,NEXT_RESPONSE,UINPUT,SERVICE_ID) values ('PERSONAL','-1','1','-1','none');
Insert into USSD.MENU_ROUTES (ACCOUNT_TYPE,PREV_RESPONSE,NEXT_RESPONSE,UINPUT,SERVICE_ID) values ('PERSONAL','1','15','5','trns_bill');
Insert into USSD.MENU_ROUTES (ACCOUNT_TYPE,PREV_RESPONSE,NEXT_RESPONSE,UINPUT,SERVICE_ID) values ('PERSONAL','15','15X','-1','none');
Insert into USSD.MENU_ROUTES (ACCOUNT_TYPE,PREV_RESPONSE,NEXT_RESPONSE,UINPUT,SERVICE_ID) values ('PERSONAL','15X','15XX','-1','none');
Insert into USSD.MENU_ROUTES (ACCOUNT_TYPE,PREV_RESPONSE,NEXT_RESPONSE,UINPUT,SERVICE_ID) values ('PERSONAL','15XX','15XXX','-1','none');
Insert into USSD.MENU_ROUTES (ACCOUNT_TYPE,PREV_RESPONSE,NEXT_RESPONSE,UINPUT,SERVICE_ID) values ('PERSONAL','12X','12XX','-1','none');
Insert into USSD.MENU_ROUTES (ACCOUNT_TYPE,PREV_RESPONSE,NEXT_RESPONSE,UINPUT,SERVICE_ID) values ('PERSONAL','12XX','12XXX','-1','none');
Insert into USSD.MENU_ROUTES (ACCOUNT_TYPE,PREV_RESPONSE,NEXT_RESPONSE,UINPUT,SERVICE_ID) values ('PERSONAL','12XXX','12XXXX','-1','none');
Insert into USSD.MENU_ROUTES (ACCOUNT_TYPE,PREV_RESPONSE,NEXT_RESPONSE,UINPUT,SERVICE_ID) values ('PERSONAL','1','13','3','trns_recharge');
Insert into USSD.MENU_ROUTES (ACCOUNT_TYPE,PREV_RESPONSE,NEXT_RESPONSE,UINPUT,SERVICE_ID) values ('PERSONAL','13','13X','-1','none');
Insert into USSD.MENU_ROUTES (ACCOUNT_TYPE,PREV_RESPONSE,NEXT_RESPONSE,UINPUT,SERVICE_ID) values ('PERSONAL','13XXX','13XXXX','-1','none');
Insert into USSD.MENU_ROUTES (ACCOUNT_TYPE,PREV_RESPONSE,NEXT_RESPONSE,UINPUT,SERVICE_ID) values ('PERSONAL','13XXXX','13XXXXX','-1','none');
Insert into USSD.MENU_ROUTES (ACCOUNT_TYPE,PREV_RESPONSE,NEXT_RESPONSE,UINPUT,SERVICE_ID) values ('PERSONAL','13X','13XX','-1','none');
Insert into USSD.MENU_ROUTES (ACCOUNT_TYPE,PREV_RESPONSE,NEXT_RESPONSE,UINPUT,SERVICE_ID) values ('PERSONAL','13XX','13XXX','-1','none');
Insert into USSD.MENU_ROUTES (ACCOUNT_TYPE,PREV_RESPONSE,NEXT_RESPONSE,UINPUT,SERVICE_ID) values ('PERSONAL','1','11','1','trns_cout');
Insert into USSD.MENU_ROUTES (ACCOUNT_TYPE,PREV_RESPONSE,NEXT_RESPONSE,UINPUT,SERVICE_ID) values ('PERSONAL','11','11X','-1','none');
Insert into USSD.MENU_ROUTES (ACCOUNT_TYPE,PREV_RESPONSE,NEXT_RESPONSE,UINPUT,SERVICE_ID) values ('PERSONAL','11X','11XX','-1','none');
Insert into USSD.MENU_ROUTES (ACCOUNT_TYPE,PREV_RESPONSE,NEXT_RESPONSE,UINPUT,SERVICE_ID) values ('PERSONAL','11XX','11XXX','-1','none');
Insert into USSD.MENU_ROUTES (ACCOUNT_TYPE,PREV_RESPONSE,NEXT_RESPONSE,UINPUT,SERVICE_ID) values ('PERSONAL','1','14','4','trns_pay');
Insert into USSD.MENU_ROUTES (ACCOUNT_TYPE,PREV_RESPONSE,NEXT_RESPONSE,UINPUT,SERVICE_ID) values ('PERSONAL','14','14X','-1','none');
Insert into USSD.MENU_ROUTES (ACCOUNT_TYPE,PREV_RESPONSE,NEXT_RESPONSE,UINPUT,SERVICE_ID) values ('PERSONAL','14X','14XX','-1','none');
Insert into USSD.MENU_ROUTES (ACCOUNT_TYPE,PREV_RESPONSE,NEXT_RESPONSE,UINPUT,SERVICE_ID) values ('PERSONAL','14XX','14XXX','-1','none');
Insert into USSD.MENU_ROUTES (ACCOUNT_TYPE,PREV_RESPONSE,NEXT_RESPONSE,UINPUT,SERVICE_ID) values ('PERSONAL','14XXX','14XXXX','-1','none');
Insert into USSD.MENU_ROUTES (ACCOUNT_TYPE,PREV_RESPONSE,NEXT_RESPONSE,UINPUT,SERVICE_ID) values ('PERSONAL','1','16','6','trns_emi');
Insert into USSD.MENU_ROUTES (ACCOUNT_TYPE,PREV_RESPONSE,NEXT_RESPONSE,UINPUT,SERVICE_ID) values ('PERSONAL','16','16X','-1','none');
Insert into USSD.MENU_ROUTES (ACCOUNT_TYPE,PREV_RESPONSE,NEXT_RESPONSE,UINPUT,SERVICE_ID) values ('PERSONAL','16X','16XX','-1','none');
Insert into USSD.MENU_ROUTES (ACCOUNT_TYPE,PREV_RESPONSE,NEXT_RESPONSE,UINPUT,SERVICE_ID) values ('PERSONAL','16XX','16XXX','-1','none');
Insert into USSD.MENU_ROUTES (ACCOUNT_TYPE,PREV_RESPONSE,NEXT_RESPONSE,UINPUT,SERVICE_ID) values ('PERSONAL','16XXX','16XXXX','-1','none');
Insert into USSD.MENU_ROUTES (ACCOUNT_TYPE,PREV_RESPONSE,NEXT_RESPONSE,UINPUT,SERVICE_ID) values ('PERSONAL','1','17','7','none');
Insert into USSD.MENU_ROUTES (ACCOUNT_TYPE,PREV_RESPONSE,NEXT_RESPONSE,UINPUT,SERVICE_ID) values ('PERSONAL','171','171X','-1','none');
Insert into USSD.MENU_ROUTES (ACCOUNT_TYPE,PREV_RESPONSE,NEXT_RESPONSE,UINPUT,SERVICE_ID) values ('PERSONAL','17','173','3','info_helpline');
Insert into USSD.MENU_ROUTES (ACCOUNT_TYPE,PREV_RESPONSE,NEXT_RESPONSE,UINPUT,SERVICE_ID) values ('PERSONAL','17','171','1','info_balance');
Insert into USSD.MENU_ROUTES (ACCOUNT_TYPE,PREV_RESPONSE,NEXT_RESPONSE,UINPUT,SERVICE_ID) values ('PERSONAL','17','172','2','info_statement');
Insert into USSD.MENU_ROUTES (ACCOUNT_TYPE,PREV_RESPONSE,NEXT_RESPONSE,UINPUT,SERVICE_ID) values ('PERSONAL','172','172X','-1','none');
REM INSERTING into USSD.MODES
SET DEFINE OFF;
Insert into USSD.MODES (OPTION_NAME,S_TYPE,R_TYPE,CHARGES,SERVICE_ID) values ('Payment','PERSONAL','MERCHANT',0,'trns_pay');
Insert into USSD.MODES (OPTION_NAME,S_TYPE,R_TYPE,CHARGES,SERVICE_ID) values ('Bill Pay','PERSONAL','BILLER',0,'trns_bill');
Insert into USSD.MODES (OPTION_NAME,S_TYPE,R_TYPE,CHARGES,SERVICE_ID) values ('Send Money','PERSONAL','PERSONAL',0,'trns_send');
Insert into USSD.MODES (OPTION_NAME,S_TYPE,R_TYPE,CHARGES,SERVICE_ID) values ('Mobile Recharge','PERSONAL','RECHARGE',0,'trns_recharge');
Insert into USSD.MODES (OPTION_NAME,S_TYPE,R_TYPE,CHARGES,SERVICE_ID) values ('Cash Out','PERSONAL','AGENT',0.015,'trns_cout');
Insert into USSD.MODES (OPTION_NAME,S_TYPE,R_TYPE,CHARGES,SERVICE_ID) values ('EMI Payment','PERSONAL','MERCHANT',0,'trns_emi');
Insert into USSD.MODES (OPTION_NAME,S_TYPE,R_TYPE,CHARGES,SERVICE_ID) values ('Account Balance','NULL','NULL',0,'info_balance');
Insert into USSD.MODES (OPTION_NAME,S_TYPE,R_TYPE,CHARGES,SERVICE_ID) values ('Mini Statement','NULL','NULL',0,'info_statement');
Insert into USSD.MODES (OPTION_NAME,S_TYPE,R_TYPE,CHARGES,SERVICE_ID) values ('Change PIN','NULL','NULL',0,'pin_change');
REM INSERTING into USSD.PAGE_LIST
SET DEFINE OFF;
Insert into USSD.PAGE_LIST (MENU,ENTRIES) values (15,3);
Insert into USSD.PAGE_LIST (MENU,ENTRIES) values (16,3);
REM INSERTING into USSD.PASSWORDS
SET DEFINE OFF;
Insert into USSD.PASSWORDS (CUS_ID,PASSWORD) values (111,1570016);
Insert into USSD.PASSWORDS (CUS_ID,PASSWORD) values (112,1631584);
Insert into USSD.PASSWORDS (CUS_ID,PASSWORD) values (113,1509442);
Insert into USSD.PASSWORDS (CUS_ID,PASSWORD) values (114,1509442);
REM INSERTING into USSD.PROVIDER
SET DEFINE OFF;
Insert into USSD.PROVIDER (MENU,API_ID,CUS_ID) values (11,'1004',133);
Insert into USSD.PROVIDER (MENU,API_ID,CUS_ID) values (12,'1004',134);
Insert into USSD.PROVIDER (MENU,API_ID,CUS_ID) values (21,'1003',135);
Insert into USSD.PROVIDER (MENU,API_ID,CUS_ID) values (42,'1003',140);
Insert into USSD.PROVIDER (MENU,API_ID,CUS_ID) values (51,'1001',141);
Insert into USSD.PROVIDER (MENU,API_ID,CUS_ID) values (52,'1001',142);
Insert into USSD.PROVIDER (MENU,API_ID,CUS_ID) values (31,'1002',137);
Insert into USSD.PROVIDER (MENU,API_ID,CUS_ID) values (32,'1002',138);
Insert into USSD.PROVIDER (MENU,API_ID,CUS_ID) values (22,'1003',136);
Insert into USSD.PROVIDER (MENU,API_ID,CUS_ID) values (41,'1003',139);
REM INSERTING into USSD.REQUEST_BODY_GETTERS
SET DEFINE OFF;
Insert into USSD.REQUEST_BODY_GETTERS (API,TEMPLATE_VAL,GETTER) values (1001,'val_1','getTrackingID');
Insert into USSD.REQUEST_BODY_GETTERS (API,TEMPLATE_VAL,GETTER) values (1001,'val_2','getSender');
Insert into USSD.REQUEST_BODY_GETTERS (API,TEMPLATE_VAL,GETTER) values (1001,'val_3','getReceiver');
Insert into USSD.REQUEST_BODY_GETTERS (API,TEMPLATE_VAL,GETTER) values (1001,'val_4','getAmount');
Insert into USSD.REQUEST_BODY_GETTERS (API,TEMPLATE_VAL,GETTER) values (1002,'val_1','getTrackingID');
Insert into USSD.REQUEST_BODY_GETTERS (API,TEMPLATE_VAL,GETTER) values (1002,'val_2','getSender');
Insert into USSD.REQUEST_BODY_GETTERS (API,TEMPLATE_VAL,GETTER) values (1002,'val_3','getReceiver');
Insert into USSD.REQUEST_BODY_GETTERS (API,TEMPLATE_VAL,GETTER) values (1002,'val_4','getAmount');
Insert into USSD.REQUEST_BODY_GETTERS (API,TEMPLATE_VAL,GETTER) values (1003,'val_1','getTrackingID');
Insert into USSD.REQUEST_BODY_GETTERS (API,TEMPLATE_VAL,GETTER) values (1003,'val_2','getSender');
Insert into USSD.REQUEST_BODY_GETTERS (API,TEMPLATE_VAL,GETTER) values (1003,'val_3','getReceiver');
Insert into USSD.REQUEST_BODY_GETTERS (API,TEMPLATE_VAL,GETTER) values (1003,'val_4','getAmount');
Insert into USSD.REQUEST_BODY_GETTERS (API,TEMPLATE_VAL,GETTER) values (1004,'val_1','getTrackingID');
Insert into USSD.REQUEST_BODY_GETTERS (API,TEMPLATE_VAL,GETTER) values (1004,'val_2','getSender');
Insert into USSD.REQUEST_BODY_GETTERS (API,TEMPLATE_VAL,GETTER) values (1004,'val_3','getReceiver');
Insert into USSD.REQUEST_BODY_GETTERS (API,TEMPLATE_VAL,GETTER) values (1004,'val_4','getAmount');
REM INSERTING into USSD.REQUEST_DATA
SET DEFINE OFF;
Insert into USSD.REQUEST_DATA (CATEGORY,API,BODY_TEMPLATE,METHOD,TIMEOUT) values ('MOBILE_RECHARGE','1004','<xmltt><topupid>val_1</topupid><sender>val_2</sender><target>val_3</target><topup>val_4</topup></xmltt>','POST','3000');
Insert into USSD.REQUEST_DATA (CATEGORY,API,BODY_TEMPLATE,METHOD,TIMEOUT) values ('MOBILE_RECHARGE','1002','{transactionid: val_1, agent: val_2, recipient: val_3, topup: val_4}','POST','3000');
Insert into USSD.REQUEST_DATA (CATEGORY,API,BODY_TEMPLATE,METHOD,TIMEOUT) values ('MOBILE_RECHARGE','1003','<param><transactionid>val_1</transactionid><paymentfrom>val_2</paymentfrom><topupacc>val_3</topupacc><amount>val_4</amount></param>','POST','3000');
Insert into USSD.REQUEST_DATA (CATEGORY,API,BODY_TEMPLATE,METHOD,TIMEOUT) values ('MOBILE_RECHARGE','1001','{trackingid: val_1, paymentfrom: val_2, paymentto: val_3, amount: val_4}','POST','3000');
REM INSERTING into USSD.REQUEST_HEADERS
SET DEFINE OFF;
Insert into USSD.REQUEST_HEADERS (API_ID,KEY,VALUE) values (1001,'Content-Type','application/json; charset=UTF-8');
Insert into USSD.REQUEST_HEADERS (API_ID,KEY,VALUE) values (1002,'Content-Type','application/json; charset=UTF-8');
Insert into USSD.REQUEST_HEADERS (API_ID,KEY,VALUE) values (1003,'Content-Type','text/xml; charset=UTF-8');
Insert into USSD.REQUEST_HEADERS (API_ID,KEY,VALUE) values (1004,'Content-Type','text/xml; charset=UTF-8');
Insert into USSD.REQUEST_HEADERS (API_ID,KEY,VALUE) values (1001,'Accept','text/ html');
Insert into USSD.REQUEST_HEADERS (API_ID,KEY,VALUE) values (1002,'Accept','text/ html');
Insert into USSD.REQUEST_HEADERS (API_ID,KEY,VALUE) values (1003,'Accept','text/ html');
Insert into USSD.REQUEST_HEADERS (API_ID,KEY,VALUE) values (1004,'Accept','text/ html');
REM INSERTING into USSD.RESPONSES
SET DEFINE OFF;
Insert into USSD.RESPONSES (MENU,RES_STR,PAGINATION_REQUIRED) values ('18','Choose an option:__1. Forgot PIN__2. Change PIN',0);
Insert into USSD.RESPONSES (MENU,RES_STR,PAGINATION_REQUIRED) values ('181','Please call 16167 and verify your account to reset PIN.',0);
Insert into USSD.RESPONSES (MENU,RES_STR,PAGINATION_REQUIRED) values ('182','Enter old PIN:',0);
Insert into USSD.RESPONSES (MENU,RES_STR,PAGINATION_REQUIRED) values ('182X','Enter new PIN:',0);
Insert into USSD.RESPONSES (MENU,RES_STR,PAGINATION_REQUIRED) values ('182XX','Confirm new PIN:',0);
Insert into USSD.RESPONSES (MENU,RES_STR,PAGINATION_REQUIRED) values ('182XXX','/service',0);
Insert into USSD.RESPONSES (MENU,RES_STR,PAGINATION_REQUIRED) values ('1','Please select a service__1. Cash Out__2. Send Money__3. Mobile Recharge__4. Payment__5. Bill Pay__6. EMI Payment__7. Account Information__8. PIN Reset',0);
Insert into USSD.RESPONSES (MENU,RES_STR,PAGINATION_REQUIRED) values ('15','BILL PAYMENT',1);
Insert into USSD.RESPONSES (MENU,RES_STR,PAGINATION_REQUIRED) values ('15X','Enter bill amount:',0);
Insert into USSD.RESPONSES (MENU,RES_STR,PAGINATION_REQUIRED) values ('15XX','Enter PIN:',0);
Insert into USSD.RESPONSES (MENU,RES_STR,PAGINATION_REQUIRED) values ('15XXX','/service',0);
Insert into USSD.RESPONSES (MENU,RES_STR,PAGINATION_REQUIRED) values ('12','Enter Recipient:',0);
Insert into USSD.RESPONSES (MENU,RES_STR,PAGINATION_REQUIRED) values ('12X','Enter amount to be sent:',0);
Insert into USSD.RESPONSES (MENU,RES_STR,PAGINATION_REQUIRED) values ('12XX','Enter reference:',0);
Insert into USSD.RESPONSES (MENU,RES_STR,PAGINATION_REQUIRED) values ('12XXX','Enter PIN:',0);
Insert into USSD.RESPONSES (MENU,RES_STR,PAGINATION_REQUIRED) values ('12XXXX','/service',0);
Insert into USSD.RESPONSES (MENU,RES_STR,PAGINATION_REQUIRED) values ('13','Select an operator__1. Teletalk__2. Airtel__3. Grameenphone__4. Robi__5. Banglalink',0);
Insert into USSD.RESPONSES (MENU,RES_STR,PAGINATION_REQUIRED) values ('13X','Select SIM type__1. Prepaid__2. Postpaid',0);
Insert into USSD.RESPONSES (MENU,RES_STR,PAGINATION_REQUIRED) values ('13XX','Enter mobile number:',0);
Insert into USSD.RESPONSES (MENU,RES_STR,PAGINATION_REQUIRED) values ('13XXX','Enter amount:',0);
Insert into USSD.RESPONSES (MENU,RES_STR,PAGINATION_REQUIRED) values ('13XXXX','Enter PIN:',0);
Insert into USSD.RESPONSES (MENU,RES_STR,PAGINATION_REQUIRED) values ('13XXXXX','/service',0);
Insert into USSD.RESPONSES (MENU,RES_STR,PAGINATION_REQUIRED) values ('11','Enter an Uddokta A/C:',0);
Insert into USSD.RESPONSES (MENU,RES_STR,PAGINATION_REQUIRED) values ('11X','Enter amount:',0);
Insert into USSD.RESPONSES (MENU,RES_STR,PAGINATION_REQUIRED) values ('11XX','Enter PIN:',0);
Insert into USSD.RESPONSES (MENU,RES_STR,PAGINATION_REQUIRED) values ('11XXX','/service',0);
Insert into USSD.RESPONSES (MENU,RES_STR,PAGINATION_REQUIRED) values ('14','Enter a merchant A/C:',0);
Insert into USSD.RESPONSES (MENU,RES_STR,PAGINATION_REQUIRED) values ('14X','Enter payment amount:',0);
Insert into USSD.RESPONSES (MENU,RES_STR,PAGINATION_REQUIRED) values ('14XX','Enter reference:',0);
Insert into USSD.RESPONSES (MENU,RES_STR,PAGINATION_REQUIRED) values ('14XXX','Enter PIN:',0);
Insert into USSD.RESPONSES (MENU,RES_STR,PAGINATION_REQUIRED) values ('14XXXX','/service',0);
Insert into USSD.RESPONSES (MENU,RES_STR,PAGINATION_REQUIRED) values ('16','EMI PAYMENT',1);
Insert into USSD.RESPONSES (MENU,RES_STR,PAGINATION_REQUIRED) values ('16XX','Enter reference:',0);
Insert into USSD.RESPONSES (MENU,RES_STR,PAGINATION_REQUIRED) values ('16XXX','Enter PIN:',0);
Insert into USSD.RESPONSES (MENU,RES_STR,PAGINATION_REQUIRED) values ('16XXXX','/service',0);
Insert into USSD.RESPONSES (MENU,RES_STR,PAGINATION_REQUIRED) values ('16X','Enter EMI payment amount:',0);
Insert into USSD.RESPONSES (MENU,RES_STR,PAGINATION_REQUIRED) values ('17','Choose a Service:__1. Balance Enquiry__2. Mini Statement__3. Helpline',0);
Insert into USSD.RESPONSES (MENU,RES_STR,PAGINATION_REQUIRED) values ('173','Please call 16167 or visit www.something.com.bd for more information.',0);
Insert into USSD.RESPONSES (MENU,RES_STR,PAGINATION_REQUIRED) values ('171','Enter PIN:',0);
Insert into USSD.RESPONSES (MENU,RES_STR,PAGINATION_REQUIRED) values ('172','Enter PIN:',0);
Insert into USSD.RESPONSES (MENU,RES_STR,PAGINATION_REQUIRED) values ('171X','/service',0);
Insert into USSD.RESPONSES (MENU,RES_STR,PAGINATION_REQUIRED) values ('172X','/service',0);
REM INSERTING into USSD.SERVICE_CLASSES
SET DEFINE OFF;
Insert into USSD.SERVICE_CLASSES (SERVICE_ID,CLASS) values ('trns_cout','Services.CashOut');
Insert into USSD.SERVICE_CLASSES (SERVICE_ID,CLASS) values ('trns_send','Services.SendMoney');
Insert into USSD.SERVICE_CLASSES (SERVICE_ID,CLASS) values ('trns_recharge','Services.MobileRecharge');
Insert into USSD.SERVICE_CLASSES (SERVICE_ID,CLASS) values ('trns_pay','Services.Payment');
Insert into USSD.SERVICE_CLASSES (SERVICE_ID,CLASS) values ('trns_bill','Services.BillPay');
Insert into USSD.SERVICE_CLASSES (SERVICE_ID,CLASS) values ('trns_emi','Services.EMIPayment');
Insert into USSD.SERVICE_CLASSES (SERVICE_ID,CLASS) values ('info_balance','Services.SendBalance');
Insert into USSD.SERVICE_CLASSES (SERVICE_ID,CLASS) values ('info_statement','Services.SendStatement');
Insert into USSD.SERVICE_CLASSES (SERVICE_ID,CLASS) values ('pin_change','Services.PINChange');
REM INSERTING into USSD.SESSION_DATA
SET DEFINE OFF;
Insert into USSD.SESSION_DATA (SESSION_ID,SIM,LAST_INPUT,LAST_RESP,LAST_UPDATE,SERVICE_ID,ON_PAGE) values ('daOtyD6T6ADf',111,'1570016','13XXXXX',to_timestamp('04-SEP-23 10.59.13.874000000 AM','DD-MON-RR HH.MI.SSXFF AM'),'trns_recharge',-1);
Insert into USSD.SESSION_DATA (SESSION_ID,SIM,LAST_INPUT,LAST_RESP,LAST_UPDATE,SERVICE_ID,ON_PAGE) values ('PpMxp8Hxue6V',111,'1570016','13XXXXX',to_timestamp('04-SEP-23 11.01.35.065000000 AM','DD-MON-RR HH.MI.SSXFF AM'),'trns_recharge',-1);
Insert into USSD.SESSION_DATA (SESSION_ID,SIM,LAST_INPUT,LAST_RESP,LAST_UPDATE,SERVICE_ID,ON_PAGE) values ('X8DXqCIQL2Oq',111,'1570016','13XXXXX',to_timestamp('04-SEP-23 11.03.48.613000000 AM','DD-MON-RR HH.MI.SSXFF AM'),'trns_recharge',-1);
Insert into USSD.SESSION_DATA (SESSION_ID,SIM,LAST_INPUT,LAST_RESP,LAST_UPDATE,SERVICE_ID,ON_PAGE) values ('czQlUmSAc8lZ',111,'1570016','13XXXXX',to_timestamp('04-SEP-23 11.07.47.185000000 AM','DD-MON-RR HH.MI.SSXFF AM'),'trns_recharge',-1);
Insert into USSD.SESSION_DATA (SESSION_ID,SIM,LAST_INPUT,LAST_RESP,LAST_UPDATE,SERVICE_ID,ON_PAGE) values ('jzWwnZrk9FDc',111,'1570016','13XXXXX',to_timestamp('04-SEP-23 11.09.14.895000000 AM','DD-MON-RR HH.MI.SSXFF AM'),'trns_recharge',-1);
Insert into USSD.SESSION_DATA (SESSION_ID,SIM,LAST_INPUT,LAST_RESP,LAST_UPDATE,SERVICE_ID,ON_PAGE) values ('p783udEnIXQX',111,'1570016','13XXXXX',to_timestamp('04-SEP-23 12.43.20.611000000 PM','DD-MON-RR HH.MI.SSXFF AM'),'trns_recharge',-1);
Insert into USSD.SESSION_DATA (SESSION_ID,SIM,LAST_INPUT,LAST_RESP,LAST_UPDATE,SERVICE_ID,ON_PAGE) values ('0ImfPHOpPD71',111,'1631584','12XXXX',to_timestamp('07-SEP-23 05.21.57.957000000 PM','DD-MON-RR HH.MI.SSXFF AM'),'trns_send',-1);
Insert into USSD.SESSION_DATA (SESSION_ID,SIM,LAST_INPUT,LAST_RESP,LAST_UPDATE,SERVICE_ID,ON_PAGE) values ('l7mRSG41kI4o',111,'5','15X',to_timestamp('12-SEP-23 05.19.08.683000000 PM','DD-MON-RR HH.MI.SSXFF AM'),'trns_bill',1);
Insert into USSD.SESSION_DATA (SESSION_ID,SIM,LAST_INPUT,LAST_RESP,LAST_UPDATE,SERVICE_ID,ON_PAGE) values ('CmkCHxkizT0E',111,null,'1',to_timestamp('12-SEP-23 05.19.17.724000000 PM','DD-MON-RR HH.MI.SSXFF AM'),'none',-1);
Insert into USSD.SESSION_DATA (SESSION_ID,SIM,LAST_INPUT,LAST_RESP,LAST_UPDATE,SERVICE_ID,ON_PAGE) values ('TKl3GsCgmH8n',111,'p','15',to_timestamp('13-SEP-23 11.52.59.107000000 AM','DD-MON-RR HH.MI.SSXFF AM'),'trns_bill',1);
Insert into USSD.SESSION_DATA (SESSION_ID,SIM,LAST_INPUT,LAST_RESP,LAST_UPDATE,SERVICE_ID,ON_PAGE) values ('y1wSxLIMrUZF',111,null,'1',to_timestamp('13-SEP-23 12.59.31.610000000 PM','DD-MON-RR HH.MI.SSXFF AM'),'none',-1);
Insert into USSD.SESSION_DATA (SESSION_ID,SIM,LAST_INPUT,LAST_RESP,LAST_UPDATE,SERVICE_ID,ON_PAGE) values ('AHHjcQluHEZh',111,'1','15X',to_timestamp('13-SEP-23 12.59.40.673000000 PM','DD-MON-RR HH.MI.SSXFF AM'),'trns_bill',-1);
Insert into USSD.SESSION_DATA (SESSION_ID,SIM,LAST_INPUT,LAST_RESP,LAST_UPDATE,SERVICE_ID,ON_PAGE) values ('XdR9iMq5sD3g',111,'n','15',to_timestamp('13-SEP-23 06.51.05.332000000 PM','DD-MON-RR HH.MI.SSXFF AM'),'trns_bill',2);
Insert into USSD.SESSION_DATA (SESSION_ID,SIM,LAST_INPUT,LAST_RESP,LAST_UPDATE,SERVICE_ID,ON_PAGE) values ('zxcnfYFXNUh1',111,'n','15',to_timestamp('17-SEP-23 01.31.51.794000000 PM','DD-MON-RR HH.MI.SSXFF AM'),'trns_bill',1);
Insert into USSD.SESSION_DATA (SESSION_ID,SIM,LAST_INPUT,LAST_RESP,LAST_UPDATE,SERVICE_ID,ON_PAGE) values ('lS9WcvRlmbN6',111,'n','15',to_timestamp('17-SEP-23 01.34.28.297000000 PM','DD-MON-RR HH.MI.SSXFF AM'),'trns_bill',1);
Insert into USSD.SESSION_DATA (SESSION_ID,SIM,LAST_INPUT,LAST_RESP,LAST_UPDATE,SERVICE_ID,ON_PAGE) values ('Oe7YThCO6Gla',111,'5','15',to_timestamp('17-SEP-23 01.35.18.471000000 PM','DD-MON-RR HH.MI.SSXFF AM'),'trns_bill',0);
Insert into USSD.SESSION_DATA (SESSION_ID,SIM,LAST_INPUT,LAST_RESP,LAST_UPDATE,SERVICE_ID,ON_PAGE) values ('pJM2ZLxD8OVR',111,'1570016','15XXX',to_timestamp('17-SEP-23 06.01.15.623000000 PM','DD-MON-RR HH.MI.SSXFF AM'),'trns_bill',-1);
Insert into USSD.SESSION_DATA (SESSION_ID,SIM,LAST_INPUT,LAST_RESP,LAST_UPDATE,SERVICE_ID,ON_PAGE) values ('A6TMg4C50WxC',111,'1570016','15XXX',to_timestamp('17-SEP-23 06.06.11.922000000 PM','DD-MON-RR HH.MI.SSXFF AM'),'trns_bill',-1);
Insert into USSD.SESSION_DATA (SESSION_ID,SIM,LAST_INPUT,LAST_RESP,LAST_UPDATE,SERVICE_ID,ON_PAGE) values ('uOjlPXwvgXZm',111,'1570016','15XXX',to_timestamp('17-SEP-23 06.28.41.044000000 PM','DD-MON-RR HH.MI.SSXFF AM'),'trns_bill',-1);
Insert into USSD.SESSION_DATA (SESSION_ID,SIM,LAST_INPUT,LAST_RESP,LAST_UPDATE,SERVICE_ID,ON_PAGE) values ('6CQHAHmDsQkM',111,'1570016','15XXX',to_timestamp('17-SEP-23 06.28.58.334000000 PM','DD-MON-RR HH.MI.SSXFF AM'),'trns_bill',-1);
Insert into USSD.SESSION_DATA (SESSION_ID,SIM,LAST_INPUT,LAST_RESP,LAST_UPDATE,SERVICE_ID,ON_PAGE) values ('pCu80oPsjXwz',111,null,'1',to_timestamp('17-SEP-23 06.29.02.088000000 PM','DD-MON-RR HH.MI.SSXFF AM'),'none',-1);
Insert into USSD.SESSION_DATA (SESSION_ID,SIM,LAST_INPUT,LAST_RESP,LAST_UPDATE,SERVICE_ID,ON_PAGE) values ('KnMvVPbtv4BL',111,'1570016','15XXX',to_timestamp('17-SEP-23 06.29.38.433000000 PM','DD-MON-RR HH.MI.SSXFF AM'),'trns_bill',-1);
Insert into USSD.SESSION_DATA (SESSION_ID,SIM,LAST_INPUT,LAST_RESP,LAST_UPDATE,SERVICE_ID,ON_PAGE) values ('KFnKiEXn51R7',111,'1570016','15XXX',to_timestamp('17-SEP-23 06.31.04.983000000 PM','DD-MON-RR HH.MI.SSXFF AM'),'trns_bill',-1);
Insert into USSD.SESSION_DATA (SESSION_ID,SIM,LAST_INPUT,LAST_RESP,LAST_UPDATE,SERVICE_ID,ON_PAGE) values ('svqlrKYwNgCY',111,'1570016','171X',to_timestamp('31-AUG-23 11.36.48.325000000 AM','DD-MON-RR HH.MI.SSXFF AM'),'info_balance',-1);
Insert into USSD.SESSION_DATA (SESSION_ID,SIM,LAST_INPUT,LAST_RESP,LAST_UPDATE,SERVICE_ID,ON_PAGE) values ('7Ys3ZKUnhHCt',111,'1570016','172X',to_timestamp('31-AUG-23 11.36.58.919000000 AM','DD-MON-RR HH.MI.SSXFF AM'),'info_statement',-1);
Insert into USSD.SESSION_DATA (SESSION_ID,SIM,LAST_INPUT,LAST_RESP,LAST_UPDATE,SERVICE_ID,ON_PAGE) values ('xPd1tSgK3MqR',111,'1570016','172X',to_timestamp('31-AUG-23 11.38.47.322000000 AM','DD-MON-RR HH.MI.SSXFF AM'),'info_statement',-1);
Insert into USSD.SESSION_DATA (SESSION_ID,SIM,LAST_INPUT,LAST_RESP,LAST_UPDATE,SERVICE_ID,ON_PAGE) values ('L9Bhtrayd17Z',111,'1570016','12XXXX',to_timestamp('31-AUG-23 11.39.08.249000000 AM','DD-MON-RR HH.MI.SSXFF AM'),'trns_send',-1);
Insert into USSD.SESSION_DATA (SESSION_ID,SIM,LAST_INPUT,LAST_RESP,LAST_UPDATE,SERVICE_ID,ON_PAGE) values ('eBJq9WogLf4S',111,'8','18',to_timestamp('31-AUG-23 11.39.12.197000000 AM','DD-MON-RR HH.MI.SSXFF AM'),'none',-1);
Insert into USSD.SESSION_DATA (SESSION_ID,SIM,LAST_INPUT,LAST_RESP,LAST_UPDATE,SERVICE_ID,ON_PAGE) values ('DelJAib56ebf',111,'1570016','172X',to_timestamp('31-AUG-23 11.39.22.398000000 AM','DD-MON-RR HH.MI.SSXFF AM'),'info_statement',-1);
Insert into USSD.SESSION_DATA (SESSION_ID,SIM,LAST_INPUT,LAST_RESP,LAST_UPDATE,SERVICE_ID,ON_PAGE) values ('o4p0ImlSj4qX',111,null,'1',to_timestamp('31-AUG-23 11.39.26.719000000 AM','DD-MON-RR HH.MI.SSXFF AM'),'none',-1);
Insert into USSD.SESSION_DATA (SESSION_ID,SIM,LAST_INPUT,LAST_RESP,LAST_UPDATE,SERVICE_ID,ON_PAGE) values ('8IgK3w5gz88X',111,'1570016','13XXXXX',to_timestamp('04-SEP-23 10.57.58.449000000 AM','DD-MON-RR HH.MI.SSXFF AM'),'trns_recharge',-1);
Insert into USSD.SESSION_DATA (SESSION_ID,SIM,LAST_INPUT,LAST_RESP,LAST_UPDATE,SERVICE_ID,ON_PAGE) values ('DyPPvd79EU2Q',111,'1570016','172X',to_timestamp('31-AUG-23 12.02.52.397000000 PM','DD-MON-RR HH.MI.SSXFF AM'),'info_statement',-1);
Insert into USSD.SESSION_DATA (SESSION_ID,SIM,LAST_INPUT,LAST_RESP,LAST_UPDATE,SERVICE_ID,ON_PAGE) values ('w9giRCfKilO8',111,'1570016','13XXXXX',to_timestamp('31-AUG-23 06.11.04.952000000 PM','DD-MON-RR HH.MI.SSXFF AM'),'trns_recharge',-1);
Insert into USSD.SESSION_DATA (SESSION_ID,SIM,LAST_INPUT,LAST_RESP,LAST_UPDATE,SERVICE_ID,ON_PAGE) values ('mlaY0mWU0ulU',111,null,'1',to_timestamp('31-AUG-23 06.12.02.119000000 PM','DD-MON-RR HH.MI.SSXFF AM'),'none',-1);
Insert into USSD.SESSION_DATA (SESSION_ID,SIM,LAST_INPUT,LAST_RESP,LAST_UPDATE,SERVICE_ID,ON_PAGE) values ('DRR2Pz0YMjXk',111,'1570016','13XXXXX',to_timestamp('31-AUG-23 06.12.15.787000000 PM','DD-MON-RR HH.MI.SSXFF AM'),'trns_recharge',-1);
Insert into USSD.SESSION_DATA (SESSION_ID,SIM,LAST_INPUT,LAST_RESP,LAST_UPDATE,SERVICE_ID,ON_PAGE) values ('07GRkluENX9Y',111,null,'1',to_timestamp('04-SEP-23 12.24.20.984000000 PM','DD-MON-RR HH.MI.SSXFF AM'),'none',-1);
Insert into USSD.SESSION_DATA (SESSION_ID,SIM,LAST_INPUT,LAST_RESP,LAST_UPDATE,SERVICE_ID,ON_PAGE) values ('59aHnV2wHFIl',111,'5','15',to_timestamp('12-SEP-23 05.12.16.289000000 PM','DD-MON-RR HH.MI.SSXFF AM'),'trns_bill',-1);
Insert into USSD.SESSION_DATA (SESSION_ID,SIM,LAST_INPUT,LAST_RESP,LAST_UPDATE,SERVICE_ID,ON_PAGE) values ('1MnA9gmdORpU',111,'5','15',to_timestamp('12-SEP-23 05.12.25.722000000 PM','DD-MON-RR HH.MI.SSXFF AM'),'trns_bill',-1);
Insert into USSD.SESSION_DATA (SESSION_ID,SIM,LAST_INPUT,LAST_RESP,LAST_UPDATE,SERVICE_ID,ON_PAGE) values ('ISS71eJQ3v5W',111,null,'1',to_timestamp('12-SEP-23 05.12.27.433000000 PM','DD-MON-RR HH.MI.SSXFF AM'),'none',-1);
Insert into USSD.SESSION_DATA (SESSION_ID,SIM,LAST_INPUT,LAST_RESP,LAST_UPDATE,SERVICE_ID,ON_PAGE) values ('nfhEpPp6UxNY',111,'5','15',to_timestamp('12-SEP-23 05.12.42.833000000 PM','DD-MON-RR HH.MI.SSXFF AM'),'trns_bill',-1);
Insert into USSD.SESSION_DATA (SESSION_ID,SIM,LAST_INPUT,LAST_RESP,LAST_UPDATE,SERVICE_ID,ON_PAGE) values ('Dwjwm9Bbhp1O',111,'5','15',to_timestamp('12-SEP-23 05.13.18.580000000 PM','DD-MON-RR HH.MI.SSXFF AM'),'trns_bill',-1);
Insert into USSD.SESSION_DATA (SESSION_ID,SIM,LAST_INPUT,LAST_RESP,LAST_UPDATE,SERVICE_ID,ON_PAGE) values ('MUrsxEzxAngg',111,'p','15',to_timestamp('12-SEP-23 05.15.59.632000000 PM','DD-MON-RR HH.MI.SSXFF AM'),'trns_bill',1);
Insert into USSD.SESSION_DATA (SESSION_ID,SIM,LAST_INPUT,LAST_RESP,LAST_UPDATE,SERVICE_ID,ON_PAGE) values ('01wzZ76viixX',111,'2','15X',to_timestamp('13-SEP-23 12.11.32.741000000 PM','DD-MON-RR HH.MI.SSXFF AM'),'trns_bill',3);
Insert into USSD.SESSION_DATA (SESSION_ID,SIM,LAST_INPUT,LAST_RESP,LAST_UPDATE,SERVICE_ID,ON_PAGE) values ('WWH3LIls21t9',111,null,'1',to_timestamp('13-SEP-23 12.12.28.565000000 PM','DD-MON-RR HH.MI.SSXFF AM'),'none',-1);
Insert into USSD.SESSION_DATA (SESSION_ID,SIM,LAST_INPUT,LAST_RESP,LAST_UPDATE,SERVICE_ID,ON_PAGE) values ('V9wcm15yX5Ou',111,'p','15',to_timestamp('13-SEP-23 12.14.52.422000000 PM','DD-MON-RR HH.MI.SSXFF AM'),'trns_bill',0);
Insert into USSD.SESSION_DATA (SESSION_ID,SIM,LAST_INPUT,LAST_RESP,LAST_UPDATE,SERVICE_ID,ON_PAGE) values ('RcVGCiMUZrc3',111,'5','15',to_timestamp('13-SEP-23 12.15.03.540000000 PM','DD-MON-RR HH.MI.SSXFF AM'),'trns_bill',0);
Insert into USSD.SESSION_DATA (SESSION_ID,SIM,LAST_INPUT,LAST_RESP,LAST_UPDATE,SERVICE_ID,ON_PAGE) values ('qKC6BSy7aAtv',111,null,'1',to_timestamp('13-SEP-23 12.15.50.753000000 PM','DD-MON-RR HH.MI.SSXFF AM'),'none',-1);
Insert into USSD.SESSION_DATA (SESSION_ID,SIM,LAST_INPUT,LAST_RESP,LAST_UPDATE,SERVICE_ID,ON_PAGE) values ('U75M7N32H3gz',111,'-1','-1',to_timestamp('13-SEP-23 12.16.03.630000000 PM','DD-MON-RR HH.MI.SSXFF AM'),'none',-1);
Insert into USSD.SESSION_DATA (SESSION_ID,SIM,LAST_INPUT,LAST_RESP,LAST_UPDATE,SERVICE_ID,ON_PAGE) values ('Axy9x8mlRTjx',111,'5','15',to_timestamp('13-SEP-23 12.16.12.531000000 PM','DD-MON-RR HH.MI.SSXFF AM'),'trns_bill',0);
Insert into USSD.SESSION_DATA (SESSION_ID,SIM,LAST_INPUT,LAST_RESP,LAST_UPDATE,SERVICE_ID,ON_PAGE) values ('IURks8EpNm9L',111,'5','15',to_timestamp('13-SEP-23 12.19.26.049000000 PM','DD-MON-RR HH.MI.SSXFF AM'),'trns_bill',0);
Insert into USSD.SESSION_DATA (SESSION_ID,SIM,LAST_INPUT,LAST_RESP,LAST_UPDATE,SERVICE_ID,ON_PAGE) values ('uLtlPEyMEyx4',111,'5','15',to_timestamp('13-SEP-23 01.00.57.137000000 PM','DD-MON-RR HH.MI.SSXFF AM'),'trns_bill',0);
Insert into USSD.SESSION_DATA (SESSION_ID,SIM,LAST_INPUT,LAST_RESP,LAST_UPDATE,SERVICE_ID,ON_PAGE) values ('oSk4EjKs7tzk',111,'1570016','15XXX',to_timestamp('13-SEP-23 01.01.27.852000000 PM','DD-MON-RR HH.MI.SSXFF AM'),'trns_bill',-1);
Insert into USSD.SESSION_DATA (SESSION_ID,SIM,LAST_INPUT,LAST_RESP,LAST_UPDATE,SERVICE_ID,ON_PAGE) values ('AKPJScrpTEtX',111,'1570016','13XXXXX',to_timestamp('23-AUG-23 11.51.28.156000000 AM','DD-MON-RR HH.MI.SSXFF AM'),'trns_recharge',-1);
Insert into USSD.SESSION_DATA (SESSION_ID,SIM,LAST_INPUT,LAST_RESP,LAST_UPDATE,SERVICE_ID,ON_PAGE) values ('9M2Wu6tcdpxy',111,'1570016','13XXXXX',to_timestamp('23-AUG-23 11.51.55.263000000 AM','DD-MON-RR HH.MI.SSXFF AM'),'trns_recharge',-1);
Insert into USSD.SESSION_DATA (SESSION_ID,SIM,LAST_INPUT,LAST_RESP,LAST_UPDATE,SERVICE_ID,ON_PAGE) values ('UHFkf1KZeVEG',111,'1570016','13XXXXX',to_timestamp('24-AUG-23 03.26.18.986000000 PM','DD-MON-RR HH.MI.SSXFF AM'),'trns_recharge',-1);
Insert into USSD.SESSION_DATA (SESSION_ID,SIM,LAST_INPUT,LAST_RESP,LAST_UPDATE,SERVICE_ID,ON_PAGE) values ('T82CwRaJObzH',111,'1570016','13XXXXX',to_timestamp('24-AUG-23 03.26.36.172000000 PM','DD-MON-RR HH.MI.SSXFF AM'),'trns_recharge',-1);
Insert into USSD.SESSION_DATA (SESSION_ID,SIM,LAST_INPUT,LAST_RESP,LAST_UPDATE,SERVICE_ID,ON_PAGE) values ('1TOUByX1Gy4E',111,'1570016','13XXXXX',to_timestamp('24-AUG-23 06.19.41.613000000 PM','DD-MON-RR HH.MI.SSXFF AM'),'trns_recharge',-1);
Insert into USSD.SESSION_DATA (SESSION_ID,SIM,LAST_INPUT,LAST_RESP,LAST_UPDATE,SERVICE_ID,ON_PAGE) values ('ypV8RkP5sf9z',111,'1570016','13XXXXX',to_timestamp('27-AUG-23 10.42.43.247000000 AM','DD-MON-RR HH.MI.SSXFF AM'),'trns_recharge',-1);
Insert into USSD.SESSION_DATA (SESSION_ID,SIM,LAST_INPUT,LAST_RESP,LAST_UPDATE,SERVICE_ID,ON_PAGE) values ('zYgdwaa8oMBT',111,'1570016','13XXXXX',to_timestamp('27-AUG-23 10.43.30.213000000 AM','DD-MON-RR HH.MI.SSXFF AM'),'trns_recharge',-1);
Insert into USSD.SESSION_DATA (SESSION_ID,SIM,LAST_INPUT,LAST_RESP,LAST_UPDATE,SERVICE_ID,ON_PAGE) values ('5FB5pmUfJTFA',111,'1570016','13XXXXX',to_timestamp('27-AUG-23 10.53.58.409000000 AM','DD-MON-RR HH.MI.SSXFF AM'),'trns_recharge',-1);
Insert into USSD.SESSION_DATA (SESSION_ID,SIM,LAST_INPUT,LAST_RESP,LAST_UPDATE,SERVICE_ID,ON_PAGE) values ('ki5EJrfT1Awb',111,'3','173',to_timestamp('31-AUG-23 12.02.42.702000000 PM','DD-MON-RR HH.MI.SSXFF AM'),'info_helpline',-1);
Insert into USSD.SESSION_DATA (SESSION_ID,SIM,LAST_INPUT,LAST_RESP,LAST_UPDATE,SERVICE_ID,ON_PAGE) values ('jZk7eSpZu8Qx',111,'1570016','13XXXXX',to_timestamp('31-AUG-23 03.59.24.705000000 PM','DD-MON-RR HH.MI.SSXFF AM'),'trns_recharge',-1);
Insert into USSD.SESSION_DATA (SESSION_ID,SIM,LAST_INPUT,LAST_RESP,LAST_UPDATE,SERVICE_ID,ON_PAGE) values ('STRw0bAxq3Oa',111,'1570016','13XXXXX',to_timestamp('03-SEP-23 11.26.11.983000000 AM','DD-MON-RR HH.MI.SSXFF AM'),'trns_recharge',-1);
Insert into USSD.SESSION_DATA (SESSION_ID,SIM,LAST_INPUT,LAST_RESP,LAST_UPDATE,SERVICE_ID,ON_PAGE) values ('nLAdweOUmlpR',111,'1','15X',to_timestamp('12-SEP-23 05.24.23.100000000 PM','DD-MON-RR HH.MI.SSXFF AM'),'trns_bill',0);
Insert into USSD.SESSION_DATA (SESSION_ID,SIM,LAST_INPUT,LAST_RESP,LAST_UPDATE,SERVICE_ID,ON_PAGE) values ('VuY7nAeN5ePT',111,'1570016','15XXX',to_timestamp('12-SEP-23 05.38.04.485000000 PM','DD-MON-RR HH.MI.SSXFF AM'),'trns_bill',0);
Insert into USSD.SESSION_DATA (SESSION_ID,SIM,LAST_INPUT,LAST_RESP,LAST_UPDATE,SERVICE_ID,ON_PAGE) values ('U0l5WtslMKtw',111,'3344','15XX',to_timestamp('12-SEP-23 05.39.02.706000000 PM','DD-MON-RR HH.MI.SSXFF AM'),'trns_bill',0);
Insert into USSD.SESSION_DATA (SESSION_ID,SIM,LAST_INPUT,LAST_RESP,LAST_UPDATE,SERVICE_ID,ON_PAGE) values ('sxQeILjeUjEk',111,'1570016','15XXX',to_timestamp('12-SEP-23 05.39.24.171000000 PM','DD-MON-RR HH.MI.SSXFF AM'),'trns_bill',0);
Insert into USSD.SESSION_DATA (SESSION_ID,SIM,LAST_INPUT,LAST_RESP,LAST_UPDATE,SERVICE_ID,ON_PAGE) values ('3ZTqWc7geeAA',111,'1570016','172X',to_timestamp('12-SEP-23 05.39.55.509000000 PM','DD-MON-RR HH.MI.SSXFF AM'),'info_statement',-1);
Insert into USSD.SESSION_DATA (SESSION_ID,SIM,LAST_INPUT,LAST_RESP,LAST_UPDATE,SERVICE_ID,ON_PAGE) values ('mJCEebMJd2ZN',111,'p','15',to_timestamp('12-SEP-23 05.41.32.104000000 PM','DD-MON-RR HH.MI.SSXFF AM'),'trns_bill',0);
Insert into USSD.SESSION_DATA (SESSION_ID,SIM,LAST_INPUT,LAST_RESP,LAST_UPDATE,SERVICE_ID,ON_PAGE) values ('4gelTtvmVOJZ',111,'n','15',to_timestamp('13-SEP-23 06.50.49.668000000 PM','DD-MON-RR HH.MI.SSXFF AM'),'trns_bill',2);
Insert into USSD.SESSION_DATA (SESSION_ID,SIM,LAST_INPUT,LAST_RESP,LAST_UPDATE,SERVICE_ID,ON_PAGE) values ('H5CtxUJip8Ra',111,'n','15',to_timestamp('17-SEP-23 01.36.27.680000000 PM','DD-MON-RR HH.MI.SSXFF AM'),'trns_bill',2);
Insert into USSD.SESSION_DATA (SESSION_ID,SIM,LAST_INPUT,LAST_RESP,LAST_UPDATE,SERVICE_ID,ON_PAGE) values ('YvYZy6Jfv79T',111,null,'1',to_timestamp('17-SEP-23 01.36.33.537000000 PM','DD-MON-RR HH.MI.SSXFF AM'),'none',-1);
Insert into USSD.SESSION_DATA (SESSION_ID,SIM,LAST_INPUT,LAST_RESP,LAST_UPDATE,SERVICE_ID,ON_PAGE) values ('4f0fTWdNQRTz',111,'5','15',to_timestamp('17-SEP-23 01.36.43.738000000 PM','DD-MON-RR HH.MI.SSXFF AM'),'trns_bill',0);
Insert into USSD.SESSION_DATA (SESSION_ID,SIM,LAST_INPUT,LAST_RESP,LAST_UPDATE,SERVICE_ID,ON_PAGE) values ('7FRK6wId9zn6',111,'5','15',to_timestamp('17-SEP-23 01.37.11.681000000 PM','DD-MON-RR HH.MI.SSXFF AM'),'trns_bill',0);
Insert into USSD.SESSION_DATA (SESSION_ID,SIM,LAST_INPUT,LAST_RESP,LAST_UPDATE,SERVICE_ID,ON_PAGE) values ('4C8Tsju67l6w',111,'5','15',to_timestamp('17-SEP-23 01.38.59.489000000 PM','DD-MON-RR HH.MI.SSXFF AM'),'trns_bill',0);
Insert into USSD.SESSION_DATA (SESSION_ID,SIM,LAST_INPUT,LAST_RESP,LAST_UPDATE,SERVICE_ID,ON_PAGE) values ('5qLe5Ku2mW2t',111,'5','15',to_timestamp('17-SEP-23 01.39.42.817000000 PM','DD-MON-RR HH.MI.SSXFF AM'),'trns_bill',0);
Insert into USSD.SESSION_DATA (SESSION_ID,SIM,LAST_INPUT,LAST_RESP,LAST_UPDATE,SERVICE_ID,ON_PAGE) values ('P5aJuigHjYSg',111,'5','15',to_timestamp('17-SEP-23 01.40.27.006000000 PM','DD-MON-RR HH.MI.SSXFF AM'),'trns_bill',0);
Insert into USSD.SESSION_DATA (SESSION_ID,SIM,LAST_INPUT,LAST_RESP,LAST_UPDATE,SERVICE_ID,ON_PAGE) values ('Hf0l9851qaqg',111,'p','15',to_timestamp('17-SEP-23 01.43.51.877000000 PM','DD-MON-RR HH.MI.SSXFF AM'),'trns_bill',0);
Insert into USSD.SESSION_DATA (SESSION_ID,SIM,LAST_INPUT,LAST_RESP,LAST_UPDATE,SERVICE_ID,ON_PAGE) values ('J2EhUCynVtdh',111,'5','15',to_timestamp('17-SEP-23 01.51.51.451000000 PM','DD-MON-RR HH.MI.SSXFF AM'),'trns_bill',0);
Insert into USSD.SESSION_DATA (SESSION_ID,SIM,LAST_INPUT,LAST_RESP,LAST_UPDATE,SERVICE_ID,ON_PAGE) values ('sMCWfe4VGNlJ',111,'1','15X',to_timestamp('17-SEP-23 01.52.28.804000000 PM','DD-MON-RR HH.MI.SSXFF AM'),'trns_bill',1);
Insert into USSD.SESSION_DATA (SESSION_ID,SIM,LAST_INPUT,LAST_RESP,LAST_UPDATE,SERVICE_ID,ON_PAGE) values ('n0NCE3X1O8od',111,'5','15',to_timestamp('17-SEP-23 01.52.40.904000000 PM','DD-MON-RR HH.MI.SSXFF AM'),'trns_bill',0);
Insert into USSD.SESSION_DATA (SESSION_ID,SIM,LAST_INPUT,LAST_RESP,LAST_UPDATE,SERVICE_ID,ON_PAGE) values ('DQffrqUG7Ojp',111,'1','15X',to_timestamp('17-SEP-23 01.56.13.501000000 PM','DD-MON-RR HH.MI.SSXFF AM'),'trns_bill',2);
Insert into USSD.SESSION_DATA (SESSION_ID,SIM,LAST_INPUT,LAST_RESP,LAST_UPDATE,SERVICE_ID,ON_PAGE) values ('MV2wLlA8ql9L',111,'5','15',to_timestamp('22-AUG-23 01.17.03.081000000 PM','DD-MON-RR HH.MI.SSXFF AM'),'trns_bill',-1);
Insert into USSD.SESSION_DATA (SESSION_ID,SIM,LAST_INPUT,LAST_RESP,LAST_UPDATE,SERVICE_ID,ON_PAGE) values ('uXnqNVFIkRPR',111,'1570016','13XXXXX',to_timestamp('22-AUG-23 01.17.19.389000000 PM','DD-MON-RR HH.MI.SSXFF AM'),'trns_recharge',-1);
Insert into USSD.SESSION_DATA (SESSION_ID,SIM,LAST_INPUT,LAST_RESP,LAST_UPDATE,SERVICE_ID,ON_PAGE) values ('KpEQgTBEwim0',111,'1570016','13XXXXX',to_timestamp('23-AUG-23 06.25.34.961000000 PM','DD-MON-RR HH.MI.SSXFF AM'),'trns_recharge',-1);
Insert into USSD.SESSION_DATA (SESSION_ID,SIM,LAST_INPUT,LAST_RESP,LAST_UPDATE,SERVICE_ID,ON_PAGE) values ('LqOX7y3wwahH',111,'1570016','13XXXXX',to_timestamp('23-AUG-23 06.39.30.861000000 PM','DD-MON-RR HH.MI.SSXFF AM'),'trns_recharge',-1);
Insert into USSD.SESSION_DATA (SESSION_ID,SIM,LAST_INPUT,LAST_RESP,LAST_UPDATE,SERVICE_ID,ON_PAGE) values ('cbFiXITEuDqh',111,'1570016','13XXXXX',to_timestamp('24-AUG-23 10.32.21.863000000 AM','DD-MON-RR HH.MI.SSXFF AM'),'trns_recharge',-1);
Insert into USSD.SESSION_DATA (SESSION_ID,SIM,LAST_INPUT,LAST_RESP,LAST_UPDATE,SERVICE_ID,ON_PAGE) values ('m8IMycFp0pH9',111,'1570016','13XXXXX',to_timestamp('24-AUG-23 10.39.20.634000000 AM','DD-MON-RR HH.MI.SSXFF AM'),'trns_recharge',-1);
Insert into USSD.SESSION_DATA (SESSION_ID,SIM,LAST_INPUT,LAST_RESP,LAST_UPDATE,SERVICE_ID,ON_PAGE) values ('91xINctb2YAf',111,'1570016','13XXXXX',to_timestamp('24-AUG-23 10.42.36.926000000 AM','DD-MON-RR HH.MI.SSXFF AM'),'trns_recharge',-1);
Insert into USSD.SESSION_DATA (SESSION_ID,SIM,LAST_INPUT,LAST_RESP,LAST_UPDATE,SERVICE_ID,ON_PAGE) values ('DI1CO5LSZcEd',111,'1570016','13XXXXX',to_timestamp('24-AUG-23 11.15.18.563000000 AM','DD-MON-RR HH.MI.SSXFF AM'),'trns_recharge',-1);
Insert into USSD.SESSION_DATA (SESSION_ID,SIM,LAST_INPUT,LAST_RESP,LAST_UPDATE,SERVICE_ID,ON_PAGE) values ('p5KdYqRIdGnY',111,'1570016','13XXXXX',to_timestamp('24-AUG-23 11.16.29.647000000 AM','DD-MON-RR HH.MI.SSXFF AM'),'trns_recharge',-1);
Insert into USSD.SESSION_DATA (SESSION_ID,SIM,LAST_INPUT,LAST_RESP,LAST_UPDATE,SERVICE_ID,ON_PAGE) values ('JlNOKdI8FoWm',111,'1570016','13XXXXX',to_timestamp('24-AUG-23 11.19.09.677000000 AM','DD-MON-RR HH.MI.SSXFF AM'),'trns_recharge',-1);
Insert into USSD.SESSION_DATA (SESSION_ID,SIM,LAST_INPUT,LAST_RESP,LAST_UPDATE,SERVICE_ID,ON_PAGE) values ('A2EQBThdEv2V',111,'3','13',to_timestamp('24-AUG-23 11.32.24.038000000 AM','DD-MON-RR HH.MI.SSXFF AM'),'trns_recharge',-1);
Insert into USSD.SESSION_DATA (SESSION_ID,SIM,LAST_INPUT,LAST_RESP,LAST_UPDATE,SERVICE_ID,ON_PAGE) values ('ut6uv26ODm4Z',111,'4','13X',to_timestamp('24-AUG-23 11.32.28.221000000 AM','DD-MON-RR HH.MI.SSXFF AM'),'trns_recharge',-1);
Insert into USSD.SESSION_DATA (SESSION_ID,SIM,LAST_INPUT,LAST_RESP,LAST_UPDATE,SERVICE_ID,ON_PAGE) values ('gyJApOcwYxnP',111,'1570016','13XXXXX',to_timestamp('24-AUG-23 11.32.49.869000000 AM','DD-MON-RR HH.MI.SSXFF AM'),'trns_recharge',-1);
Insert into USSD.SESSION_DATA (SESSION_ID,SIM,LAST_INPUT,LAST_RESP,LAST_UPDATE,SERVICE_ID,ON_PAGE) values ('5PZ3rz7TSOwt',111,'1570016','13XXXXX',to_timestamp('24-AUG-23 11.33.41.495000000 AM','DD-MON-RR HH.MI.SSXFF AM'),'trns_recharge',-1);
Insert into USSD.SESSION_DATA (SESSION_ID,SIM,LAST_INPUT,LAST_RESP,LAST_UPDATE,SERVICE_ID,ON_PAGE) values ('MfjxMi0MOLQ0',111,'1570016','13XXXXX',to_timestamp('24-AUG-23 11.35.00.360000000 AM','DD-MON-RR HH.MI.SSXFF AM'),'trns_recharge',-1);
Insert into USSD.SESSION_DATA (SESSION_ID,SIM,LAST_INPUT,LAST_RESP,LAST_UPDATE,SERVICE_ID,ON_PAGE) values ('WiSj6K8orSRZ',111,'1570016','13XXXXX',to_timestamp('24-AUG-23 11.43.04.686000000 AM','DD-MON-RR HH.MI.SSXFF AM'),'trns_recharge',-1);
Insert into USSD.SESSION_DATA (SESSION_ID,SIM,LAST_INPUT,LAST_RESP,LAST_UPDATE,SERVICE_ID,ON_PAGE) values ('JnPao5aD1AcS',111,'112','12X',to_timestamp('24-AUG-23 11.44.30.994000000 AM','DD-MON-RR HH.MI.SSXFF AM'),'trns_send',-1);
Insert into USSD.SESSION_DATA (SESSION_ID,SIM,LAST_INPUT,LAST_RESP,LAST_UPDATE,SERVICE_ID,ON_PAGE) values ('lmThhfUln8o6',111,'1570016','13XXXXX',to_timestamp('24-AUG-23 11.45.14.920000000 AM','DD-MON-RR HH.MI.SSXFF AM'),'trns_recharge',-1);
Insert into USSD.SESSION_DATA (SESSION_ID,SIM,LAST_INPUT,LAST_RESP,LAST_UPDATE,SERVICE_ID,ON_PAGE) values ('V48DeQbm0UlL',111,'1570016','13XXXXX',to_timestamp('24-AUG-23 12.02.32.472000000 PM','DD-MON-RR HH.MI.SSXFF AM'),'trns_recharge',-1);
Insert into USSD.SESSION_DATA (SESSION_ID,SIM,LAST_INPUT,LAST_RESP,LAST_UPDATE,SERVICE_ID,ON_PAGE) values ('NqUzPeyzpIyF',111,'1570016','13XXXXX',to_timestamp('24-AUG-23 12.08.05.517000000 PM','DD-MON-RR HH.MI.SSXFF AM'),'trns_recharge',-1);
Insert into USSD.SESSION_DATA (SESSION_ID,SIM,LAST_INPUT,LAST_RESP,LAST_UPDATE,SERVICE_ID,ON_PAGE) values ('La15ohQCbNmQ',111,'1570016','13XXXXX',to_timestamp('24-AUG-23 06.31.19.017000000 PM','DD-MON-RR HH.MI.SSXFF AM'),'trns_recharge',-1);
Insert into USSD.SESSION_DATA (SESSION_ID,SIM,LAST_INPUT,LAST_RESP,LAST_UPDATE,SERVICE_ID,ON_PAGE) values ('sUPu4oPBqrg3',111,'1570016','13XXXXX',to_timestamp('27-AUG-23 10.22.19.161000000 AM','DD-MON-RR HH.MI.SSXFF AM'),'trns_recharge',-1);
Insert into USSD.SESSION_DATA (SESSION_ID,SIM,LAST_INPUT,LAST_RESP,LAST_UPDATE,SERVICE_ID,ON_PAGE) values ('2UThS1RqD5zn',111,'1570016','13XXXXX',to_timestamp('27-AUG-23 10.23.40.522000000 AM','DD-MON-RR HH.MI.SSXFF AM'),'trns_recharge',-1);
Insert into USSD.SESSION_DATA (SESSION_ID,SIM,LAST_INPUT,LAST_RESP,LAST_UPDATE,SERVICE_ID,ON_PAGE) values ('cGKE4HwDQsMQ',111,'1570016','13XXXXX',to_timestamp('31-AUG-23 03.58.15.738000000 PM','DD-MON-RR HH.MI.SSXFF AM'),'trns_recharge',-1);
Insert into USSD.SESSION_DATA (SESSION_ID,SIM,LAST_INPUT,LAST_RESP,LAST_UPDATE,SERVICE_ID,ON_PAGE) values ('Wg1WJAYLaQWL',111,'1570016','13XXXXX',to_timestamp('03-SEP-23 11.10.36.430000000 AM','DD-MON-RR HH.MI.SSXFF AM'),'trns_recharge',-1);
Insert into USSD.SESSION_DATA (SESSION_ID,SIM,LAST_INPUT,LAST_RESP,LAST_UPDATE,SERVICE_ID,ON_PAGE) values ('Yxhy0sUuAC7U',111,'1570016','13XXXXX',to_timestamp('03-SEP-23 11.11.08.637000000 AM','DD-MON-RR HH.MI.SSXFF AM'),'trns_recharge',-1);
Insert into USSD.SESSION_DATA (SESSION_ID,SIM,LAST_INPUT,LAST_RESP,LAST_UPDATE,SERVICE_ID,ON_PAGE) values ('OIN5Y1N12wM6',111,'5','15',to_timestamp('12-SEP-23 04.39.48.733000000 PM','DD-MON-RR HH.MI.SSXFF AM'),'trns_bill',-1);
Insert into USSD.SESSION_DATA (SESSION_ID,SIM,LAST_INPUT,LAST_RESP,LAST_UPDATE,SERVICE_ID,ON_PAGE) values ('C1BNZDMLe0cn',111,null,'1',to_timestamp('12-SEP-23 04.39.52.210000000 PM','DD-MON-RR HH.MI.SSXFF AM'),'none',-1);
Insert into USSD.SESSION_DATA (SESSION_ID,SIM,LAST_INPUT,LAST_RESP,LAST_UPDATE,SERVICE_ID,ON_PAGE) values ('x6yz9guJdtwM',111,'5','15X',to_timestamp('12-SEP-23 04.41.55.385000000 PM','DD-MON-RR HH.MI.SSXFF AM'),'trns_bill',-1);
Insert into USSD.SESSION_DATA (SESSION_ID,SIM,LAST_INPUT,LAST_RESP,LAST_UPDATE,SERVICE_ID,ON_PAGE) values ('KDCnyFcJoQX0',111,'5','15',to_timestamp('12-SEP-23 04.42.17.578000000 PM','DD-MON-RR HH.MI.SSXFF AM'),'trns_bill',-1);
Insert into USSD.SESSION_DATA (SESSION_ID,SIM,LAST_INPUT,LAST_RESP,LAST_UPDATE,SERVICE_ID,ON_PAGE) values ('cDr7874j843y',111,'5','15',to_timestamp('12-SEP-23 04.43.48.621000000 PM','DD-MON-RR HH.MI.SSXFF AM'),'trns_bill',-1);
Insert into USSD.SESSION_DATA (SESSION_ID,SIM,LAST_INPUT,LAST_RESP,LAST_UPDATE,SERVICE_ID,ON_PAGE) values ('cxy0vbyQUJnN',111,'5','15',to_timestamp('12-SEP-23 04.45.52.328000000 PM','DD-MON-RR HH.MI.SSXFF AM'),'trns_bill',-1);
Insert into USSD.SESSION_DATA (SESSION_ID,SIM,LAST_INPUT,LAST_RESP,LAST_UPDATE,SERVICE_ID,ON_PAGE) values ('5br7WaZwS7L8',111,'5','15',to_timestamp('12-SEP-23 04.46.14.050000000 PM','DD-MON-RR HH.MI.SSXFF AM'),'trns_bill',-1);
Insert into USSD.SESSION_DATA (SESSION_ID,SIM,LAST_INPUT,LAST_RESP,LAST_UPDATE,SERVICE_ID,ON_PAGE) values ('p3Jd85lurZZT',111,'5','15',to_timestamp('12-SEP-23 04.47.27.286000000 PM','DD-MON-RR HH.MI.SSXFF AM'),'trns_bill',-1);
Insert into USSD.SESSION_DATA (SESSION_ID,SIM,LAST_INPUT,LAST_RESP,LAST_UPDATE,SERVICE_ID,ON_PAGE) values ('LT6Ua798Bt63',111,'5','15',to_timestamp('12-SEP-23 04.48.29.649000000 PM','DD-MON-RR HH.MI.SSXFF AM'),'trns_bill',-1);
Insert into USSD.SESSION_DATA (SESSION_ID,SIM,LAST_INPUT,LAST_RESP,LAST_UPDATE,SERVICE_ID,ON_PAGE) values ('4KzClW7Zbgin',111,'5','15',to_timestamp('12-SEP-23 04.49.35.535000000 PM','DD-MON-RR HH.MI.SSXFF AM'),'trns_bill',-1);
Insert into USSD.SESSION_DATA (SESSION_ID,SIM,LAST_INPUT,LAST_RESP,LAST_UPDATE,SERVICE_ID,ON_PAGE) values ('qlWdE86J0dO1',111,'5','15',to_timestamp('12-SEP-23 04.50.15.773000000 PM','DD-MON-RR HH.MI.SSXFF AM'),'trns_bill',-1);
Insert into USSD.SESSION_DATA (SESSION_ID,SIM,LAST_INPUT,LAST_RESP,LAST_UPDATE,SERVICE_ID,ON_PAGE) values ('vasSkCB0aIvS',111,'5','15',to_timestamp('12-SEP-23 04.51.49.051000000 PM','DD-MON-RR HH.MI.SSXFF AM'),'trns_bill',-1);
Insert into USSD.SESSION_DATA (SESSION_ID,SIM,LAST_INPUT,LAST_RESP,LAST_UPDATE,SERVICE_ID,ON_PAGE) values ('TARuzr2iurb0',111,'5','15',to_timestamp('12-SEP-23 04.53.37.781000000 PM','DD-MON-RR HH.MI.SSXFF AM'),'trns_bill',-1);
Insert into USSD.SESSION_DATA (SESSION_ID,SIM,LAST_INPUT,LAST_RESP,LAST_UPDATE,SERVICE_ID,ON_PAGE) values ('L7jdOAW2ggXp',111,'n','15X',to_timestamp('12-SEP-23 04.57.52.859000000 PM','DD-MON-RR HH.MI.SSXFF AM'),'trns_bill',0);
Insert into USSD.SESSION_DATA (SESSION_ID,SIM,LAST_INPUT,LAST_RESP,LAST_UPDATE,SERVICE_ID,ON_PAGE) values ('9ApDDs5xH4nb',111,'6','16',to_timestamp('13-SEP-23 05.26.07.269000000 PM','DD-MON-RR HH.MI.SSXFF AM'),'trns_emi',0);
Insert into USSD.SESSION_DATA (SESSION_ID,SIM,LAST_INPUT,LAST_RESP,LAST_UPDATE,SERVICE_ID,ON_PAGE) values ('zY3uiAGDL14d',111,'p','16',to_timestamp('13-SEP-23 05.29.34.940000000 PM','DD-MON-RR HH.MI.SSXFF AM'),'trns_emi',0);
Insert into USSD.SESSION_DATA (SESSION_ID,SIM,LAST_INPUT,LAST_RESP,LAST_UPDATE,SERVICE_ID,ON_PAGE) values ('2dVXoYCxrKTU',111,'2','16X',to_timestamp('13-SEP-23 05.29.52.993000000 PM','DD-MON-RR HH.MI.SSXFF AM'),'trns_emi',-1);
Insert into USSD.SESSION_DATA (SESSION_ID,SIM,LAST_INPUT,LAST_RESP,LAST_UPDATE,SERVICE_ID,ON_PAGE) values ('uSEv4vjmFOQh',111,'2','15X',to_timestamp('17-SEP-23 02.06.02.519000000 PM','DD-MON-RR HH.MI.SSXFF AM'),'trns_bill',1);
Insert into USSD.SESSION_DATA (SESSION_ID,SIM,LAST_INPUT,LAST_RESP,LAST_UPDATE,SERVICE_ID,ON_PAGE) values ('dkNT69OQioe6',111,'2','15X',to_timestamp('17-SEP-23 02.06.52.883000000 PM','DD-MON-RR HH.MI.SSXFF AM'),'trns_bill',1);
Insert into USSD.SESSION_DATA (SESSION_ID,SIM,LAST_INPUT,LAST_RESP,LAST_UPDATE,SERVICE_ID,ON_PAGE) values ('5s7ZECfd3k4l',111,null,'1',to_timestamp('17-SEP-23 02.06.56.010000000 PM','DD-MON-RR HH.MI.SSXFF AM'),'none',-1);
Insert into USSD.SESSION_DATA (SESSION_ID,SIM,LAST_INPUT,LAST_RESP,LAST_UPDATE,SERVICE_ID,ON_PAGE) values ('kSQa7Z4YIhdp',111,'2','15X',to_timestamp('17-SEP-23 02.08.38.724000000 PM','DD-MON-RR HH.MI.SSXFF AM'),'trns_bill',1);
Insert into USSD.SESSION_DATA (SESSION_ID,SIM,LAST_INPUT,LAST_RESP,LAST_UPDATE,SERVICE_ID,ON_PAGE) values ('4sgOafciCrxo',111,'1570016','15XXX',to_timestamp('17-SEP-23 05.59.53.690000000 PM','DD-MON-RR HH.MI.SSXFF AM'),'trns_bill',-1);
Insert into USSD.SESSION_DATA (SESSION_ID,SIM,LAST_INPUT,LAST_RESP,LAST_UPDATE,SERVICE_ID,ON_PAGE) values ('a0Y7A2ELIMGm',111,'1570016','13XXXXX',to_timestamp('22-AUG-23 01.12.57.754000000 PM','DD-MON-RR HH.MI.SSXFF AM'),'trns_recharge',-1);
Insert into USSD.SESSION_DATA (SESSION_ID,SIM,LAST_INPUT,LAST_RESP,LAST_UPDATE,SERVICE_ID,ON_PAGE) values ('9DJL3eRQLFvs',111,'1570016','13XXXXX',to_timestamp('22-AUG-23 01.15.05.605000000 PM','DD-MON-RR HH.MI.SSXFF AM'),'trns_recharge',-1);
Insert into USSD.SESSION_DATA (SESSION_ID,SIM,LAST_INPUT,LAST_RESP,LAST_UPDATE,SERVICE_ID,ON_PAGE) values ('aalua93nL23k',111,'1570016','13XXXXX',to_timestamp('23-AUG-23 11.11.26.574000000 AM','DD-MON-RR HH.MI.SSXFF AM'),'trns_recharge',-1);
Insert into USSD.SESSION_DATA (SESSION_ID,SIM,LAST_INPUT,LAST_RESP,LAST_UPDATE,SERVICE_ID,ON_PAGE) values ('XbOf2axbmANM',111,'1570016','13XXXXX',to_timestamp('23-AUG-23 11.12.30.741000000 AM','DD-MON-RR HH.MI.SSXFF AM'),'trns_recharge',-1);
Insert into USSD.SESSION_DATA (SESSION_ID,SIM,LAST_INPUT,LAST_RESP,LAST_UPDATE,SERVICE_ID,ON_PAGE) values ('DYmHReZE9kNV',111,'1570016','13XXXXX',to_timestamp('23-AUG-23 11.16.59.404000000 AM','DD-MON-RR HH.MI.SSXFF AM'),'trns_recharge',-1);
Insert into USSD.SESSION_DATA (SESSION_ID,SIM,LAST_INPUT,LAST_RESP,LAST_UPDATE,SERVICE_ID,ON_PAGE) values ('z3GJb6dIqe5r',111,'1570016','13XXXXX',to_timestamp('23-AUG-23 11.17.38.989000000 AM','DD-MON-RR HH.MI.SSXFF AM'),'trns_recharge',-1);
Insert into USSD.SESSION_DATA (SESSION_ID,SIM,LAST_INPUT,LAST_RESP,LAST_UPDATE,SERVICE_ID,ON_PAGE) values ('lb3Y5EeP1ylN',111,'1570016','13XXXXX',to_timestamp('23-AUG-23 11.21.58.700000000 AM','DD-MON-RR HH.MI.SSXFF AM'),'trns_recharge',-1);
Insert into USSD.SESSION_DATA (SESSION_ID,SIM,LAST_INPUT,LAST_RESP,LAST_UPDATE,SERVICE_ID,ON_PAGE) values ('2RfPSReU4oiX',111,'3','13',to_timestamp('23-AUG-23 11.24.38.674000000 AM','DD-MON-RR HH.MI.SSXFF AM'),'trns_recharge',-1);
Insert into USSD.SESSION_DATA (SESSION_ID,SIM,LAST_INPUT,LAST_RESP,LAST_UPDATE,SERVICE_ID,ON_PAGE) values ('QWseKEozQ1xX',111,'1570016','13XXXXX',to_timestamp('23-AUG-23 11.25.20.612000000 AM','DD-MON-RR HH.MI.SSXFF AM'),'trns_recharge',-1);
Insert into USSD.SESSION_DATA (SESSION_ID,SIM,LAST_INPUT,LAST_RESP,LAST_UPDATE,SERVICE_ID,ON_PAGE) values ('k6Giv8nwq4kQ',111,'1570016','13XXXXX',to_timestamp('23-AUG-23 11.29.56.670000000 AM','DD-MON-RR HH.MI.SSXFF AM'),'trns_recharge',-1);
Insert into USSD.SESSION_DATA (SESSION_ID,SIM,LAST_INPUT,LAST_RESP,LAST_UPDATE,SERVICE_ID,ON_PAGE) values ('GFVFGumHuwBe',111,'1570016','13XXXXX',to_timestamp('23-AUG-23 11.34.50.692000000 AM','DD-MON-RR HH.MI.SSXFF AM'),'trns_recharge',-1);
Insert into USSD.SESSION_DATA (SESSION_ID,SIM,LAST_INPUT,LAST_RESP,LAST_UPDATE,SERVICE_ID,ON_PAGE) values ('LfePgZhdBdrC',111,'1570016','13XXXXX',to_timestamp('23-AUG-23 11.36.12.671000000 AM','DD-MON-RR HH.MI.SSXFF AM'),'trns_recharge',-1);
Insert into USSD.SESSION_DATA (SESSION_ID,SIM,LAST_INPUT,LAST_RESP,LAST_UPDATE,SERVICE_ID,ON_PAGE) values ('O7ap0deHNiwm',111,'1570016','13XXXXX',to_timestamp('23-AUG-23 11.38.48.338000000 AM','DD-MON-RR HH.MI.SSXFF AM'),'trns_recharge',-1);
Insert into USSD.SESSION_DATA (SESSION_ID,SIM,LAST_INPUT,LAST_RESP,LAST_UPDATE,SERVICE_ID,ON_PAGE) values ('erwM5Yhy6iuu',111,'1570016','13XXXXX',to_timestamp('23-AUG-23 11.40.36.366000000 AM','DD-MON-RR HH.MI.SSXFF AM'),'trns_recharge',-1);
Insert into USSD.SESSION_DATA (SESSION_ID,SIM,LAST_INPUT,LAST_RESP,LAST_UPDATE,SERVICE_ID,ON_PAGE) values ('Tr4wpGmd9Rtz',111,'1570016','13XXXXX',to_timestamp('23-AUG-23 11.42.39.237000000 AM','DD-MON-RR HH.MI.SSXFF AM'),'trns_recharge',-1);
Insert into USSD.SESSION_DATA (SESSION_ID,SIM,LAST_INPUT,LAST_RESP,LAST_UPDATE,SERVICE_ID,ON_PAGE) values ('UkU8Qo4q30WE',111,'1570016','13XXXXX',to_timestamp('23-AUG-23 11.43.23.953000000 AM','DD-MON-RR HH.MI.SSXFF AM'),'trns_recharge',-1);
Insert into USSD.SESSION_DATA (SESSION_ID,SIM,LAST_INPUT,LAST_RESP,LAST_UPDATE,SERVICE_ID,ON_PAGE) values ('XJ4TqfuHzXdI',111,'1570016','13XXXXX',to_timestamp('23-AUG-23 11.44.13.272000000 AM','DD-MON-RR HH.MI.SSXFF AM'),'trns_recharge',-1);
Insert into USSD.SESSION_DATA (SESSION_ID,SIM,LAST_INPUT,LAST_RESP,LAST_UPDATE,SERVICE_ID,ON_PAGE) values ('CzDZytaDdhCL',111,'5','15',to_timestamp('23-AUG-23 04.23.29.208000000 PM','DD-MON-RR HH.MI.SSXFF AM'),'trns_bill',-1);
Insert into USSD.SESSION_DATA (SESSION_ID,SIM,LAST_INPUT,LAST_RESP,LAST_UPDATE,SERVICE_ID,ON_PAGE) values ('QTers71XuE2R',111,'1570016','13XXXXX',to_timestamp('23-AUG-23 04.23.46.023000000 PM','DD-MON-RR HH.MI.SSXFF AM'),'trns_recharge',-1);
Insert into USSD.SESSION_DATA (SESSION_ID,SIM,LAST_INPUT,LAST_RESP,LAST_UPDATE,SERVICE_ID,ON_PAGE) values ('LsiwampFNItn',111,'1570016','13XXXXX',to_timestamp('23-AUG-23 04.32.17.892000000 PM','DD-MON-RR HH.MI.SSXFF AM'),'trns_recharge',-1);
Insert into USSD.SESSION_DATA (SESSION_ID,SIM,LAST_INPUT,LAST_RESP,LAST_UPDATE,SERVICE_ID,ON_PAGE) values ('ZlGzOczRdeRv',111,'5','15',to_timestamp('23-AUG-23 04.44.51.802000000 PM','DD-MON-RR HH.MI.SSXFF AM'),'trns_bill',-1);
Insert into USSD.SESSION_DATA (SESSION_ID,SIM,LAST_INPUT,LAST_RESP,LAST_UPDATE,SERVICE_ID,ON_PAGE) values ('R1yaCajRl3ir',111,'1570016','13XXXXX',to_timestamp('23-AUG-23 04.45.10.337000000 PM','DD-MON-RR HH.MI.SSXFF AM'),'trns_recharge',-1);
Insert into USSD.SESSION_DATA (SESSION_ID,SIM,LAST_INPUT,LAST_RESP,LAST_UPDATE,SERVICE_ID,ON_PAGE) values ('fx0kSLT1xt5b',111,'1570016','13XXXXX',to_timestamp('23-AUG-23 04.46.42.532000000 PM','DD-MON-RR HH.MI.SSXFF AM'),'trns_recharge',-1);
Insert into USSD.SESSION_DATA (SESSION_ID,SIM,LAST_INPUT,LAST_RESP,LAST_UPDATE,SERVICE_ID,ON_PAGE) values ('7R08fx2ZjTEu',111,'1570016','13XXXXX',to_timestamp('23-AUG-23 04.47.53.319000000 PM','DD-MON-RR HH.MI.SSXFF AM'),'trns_recharge',-1);
Insert into USSD.SESSION_DATA (SESSION_ID,SIM,LAST_INPUT,LAST_RESP,LAST_UPDATE,SERVICE_ID,ON_PAGE) values ('b3tiO0lLbhuH',111,'1570016','13XXXXX',to_timestamp('23-AUG-23 04.50.51.913000000 PM','DD-MON-RR HH.MI.SSXFF AM'),'trns_recharge',-1);
Insert into USSD.SESSION_DATA (SESSION_ID,SIM,LAST_INPUT,LAST_RESP,LAST_UPDATE,SERVICE_ID,ON_PAGE) values ('z4x5oG9BQrpm',111,'1570016','172X',to_timestamp('23-AUG-23 04.53.20.366000000 PM','DD-MON-RR HH.MI.SSXFF AM'),'info_statement',-1);
Insert into USSD.SESSION_DATA (SESSION_ID,SIM,LAST_INPUT,LAST_RESP,LAST_UPDATE,SERVICE_ID,ON_PAGE) values ('L4m614FaEUln',111,'1570016','13XXXXX',to_timestamp('23-AUG-23 04.54.20.974000000 PM','DD-MON-RR HH.MI.SSXFF AM'),'trns_recharge',-1);
Insert into USSD.SESSION_DATA (SESSION_ID,SIM,LAST_INPUT,LAST_RESP,LAST_UPDATE,SERVICE_ID,ON_PAGE) values ('5Gr1XmjVxDzT',111,'1570016','13XXXXX',to_timestamp('23-AUG-23 05.06.27.037000000 PM','DD-MON-RR HH.MI.SSXFF AM'),'trns_recharge',-1);
Insert into USSD.SESSION_DATA (SESSION_ID,SIM,LAST_INPUT,LAST_RESP,LAST_UPDATE,SERVICE_ID,ON_PAGE) values ('z0jUsoVvfITC',111,'1570016','13XXXXX',to_timestamp('23-AUG-23 05.10.58.746000000 PM','DD-MON-RR HH.MI.SSXFF AM'),'trns_recharge',-1);
Insert into USSD.SESSION_DATA (SESSION_ID,SIM,LAST_INPUT,LAST_RESP,LAST_UPDATE,SERVICE_ID,ON_PAGE) values ('kb4FBLWdUVoH',111,'1570016','13XXXXX',to_timestamp('23-AUG-23 05.13.17.707000000 PM','DD-MON-RR HH.MI.SSXFF AM'),'trns_recharge',-1);
Insert into USSD.SESSION_DATA (SESSION_ID,SIM,LAST_INPUT,LAST_RESP,LAST_UPDATE,SERVICE_ID,ON_PAGE) values ('li5lC4bq276t',111,'1570016','13XXXXX',to_timestamp('23-AUG-23 05.17.43.798000000 PM','DD-MON-RR HH.MI.SSXFF AM'),'trns_recharge',-1);
Insert into USSD.SESSION_DATA (SESSION_ID,SIM,LAST_INPUT,LAST_RESP,LAST_UPDATE,SERVICE_ID,ON_PAGE) values ('KuiQgj5FkYE3',111,'1570016','171X',to_timestamp('23-AUG-23 05.23.34.280000000 PM','DD-MON-RR HH.MI.SSXFF AM'),'info_balance',-1);
Insert into USSD.SESSION_DATA (SESSION_ID,SIM,LAST_INPUT,LAST_RESP,LAST_UPDATE,SERVICE_ID,ON_PAGE) values ('rpBfwgGhXw4h',111,'1570016','13XXXXX',to_timestamp('23-AUG-23 05.23.54.781000000 PM','DD-MON-RR HH.MI.SSXFF AM'),'trns_recharge',-1);
Insert into USSD.SESSION_DATA (SESSION_ID,SIM,LAST_INPUT,LAST_RESP,LAST_UPDATE,SERVICE_ID,ON_PAGE) values ('BR6Su1Sf85s6',111,'1570016','13XXXXX',to_timestamp('23-AUG-23 05.27.14.232000000 PM','DD-MON-RR HH.MI.SSXFF AM'),'trns_recharge',-1);
Insert into USSD.SESSION_DATA (SESSION_ID,SIM,LAST_INPUT,LAST_RESP,LAST_UPDATE,SERVICE_ID,ON_PAGE) values ('wrPSNb1owPSP',111,'1570016','13XXXXX',to_timestamp('23-AUG-23 05.28.27.625000000 PM','DD-MON-RR HH.MI.SSXFF AM'),'trns_recharge',-1);
Insert into USSD.SESSION_DATA (SESSION_ID,SIM,LAST_INPUT,LAST_RESP,LAST_UPDATE,SERVICE_ID,ON_PAGE) values ('n9ZHbDYy9qMh',111,'1570016','13XXXXX',to_timestamp('23-AUG-23 05.32.21.820000000 PM','DD-MON-RR HH.MI.SSXFF AM'),'trns_recharge',-1);
Insert into USSD.SESSION_DATA (SESSION_ID,SIM,LAST_INPUT,LAST_RESP,LAST_UPDATE,SERVICE_ID,ON_PAGE) values ('abqE9nisBPu6',111,'5','15',to_timestamp('23-AUG-23 05.34.03.576000000 PM','DD-MON-RR HH.MI.SSXFF AM'),'trns_bill',-1);
Insert into USSD.SESSION_DATA (SESSION_ID,SIM,LAST_INPUT,LAST_RESP,LAST_UPDATE,SERVICE_ID,ON_PAGE) values ('cHtobT6rSg1X',111,'1570016','13XXXXX',to_timestamp('23-AUG-23 05.34.24.989000000 PM','DD-MON-RR HH.MI.SSXFF AM'),'trns_recharge',-1);
Insert into USSD.SESSION_DATA (SESSION_ID,SIM,LAST_INPUT,LAST_RESP,LAST_UPDATE,SERVICE_ID,ON_PAGE) values ('oGWcDBhYahgL',111,'1570016','13XXXXX',to_timestamp('23-AUG-23 05.36.14.564000000 PM','DD-MON-RR HH.MI.SSXFF AM'),'trns_recharge',-1);
Insert into USSD.SESSION_DATA (SESSION_ID,SIM,LAST_INPUT,LAST_RESP,LAST_UPDATE,SERVICE_ID,ON_PAGE) values ('KlnSBQurysLc',111,'1570016','13XXXXX',to_timestamp('23-AUG-23 05.43.40.456000000 PM','DD-MON-RR HH.MI.SSXFF AM'),'trns_recharge',-1);
Insert into USSD.SESSION_DATA (SESSION_ID,SIM,LAST_INPUT,LAST_RESP,LAST_UPDATE,SERVICE_ID,ON_PAGE) values ('2k0xKpR7g0cu',111,'1570016','13XXXXX',to_timestamp('23-AUG-23 05.44.48.363000000 PM','DD-MON-RR HH.MI.SSXFF AM'),'trns_recharge',-1);
Insert into USSD.SESSION_DATA (SESSION_ID,SIM,LAST_INPUT,LAST_RESP,LAST_UPDATE,SERVICE_ID,ON_PAGE) values ('OWHmS49yVROL',111,'1570016','13XXXXX',to_timestamp('23-AUG-23 05.59.58.415000000 PM','DD-MON-RR HH.MI.SSXFF AM'),'trns_recharge',-1);
Insert into USSD.SESSION_DATA (SESSION_ID,SIM,LAST_INPUT,LAST_RESP,LAST_UPDATE,SERVICE_ID,ON_PAGE) values ('icSUMzJzF5be',111,'1570016','13XXXXX',to_timestamp('23-AUG-23 06.01.09.611000000 PM','DD-MON-RR HH.MI.SSXFF AM'),'trns_recharge',-1);
Insert into USSD.SESSION_DATA (SESSION_ID,SIM,LAST_INPUT,LAST_RESP,LAST_UPDATE,SERVICE_ID,ON_PAGE) values ('VfCEA7u3c8Ar',111,'1570016','13XXXXX',to_timestamp('23-AUG-23 06.01.27.733000000 PM','DD-MON-RR HH.MI.SSXFF AM'),'trns_recharge',-1);
Insert into USSD.SESSION_DATA (SESSION_ID,SIM,LAST_INPUT,LAST_RESP,LAST_UPDATE,SERVICE_ID,ON_PAGE) values ('e0N0FPdMTIb9',111,'1570016','13XXXXX',to_timestamp('23-AUG-23 06.03.43.185000000 PM','DD-MON-RR HH.MI.SSXFF AM'),'trns_recharge',-1);
Insert into USSD.SESSION_DATA (SESSION_ID,SIM,LAST_INPUT,LAST_RESP,LAST_UPDATE,SERVICE_ID,ON_PAGE) values ('wdRquwjRRtYS',111,'1570016','13XXXXX',to_timestamp('23-AUG-23 06.05.00.133000000 PM','DD-MON-RR HH.MI.SSXFF AM'),'trns_recharge',-1);
Insert into USSD.SESSION_DATA (SESSION_ID,SIM,LAST_INPUT,LAST_RESP,LAST_UPDATE,SERVICE_ID,ON_PAGE) values ('wC7Vwsonxh2i',111,'1570016','13XXXXX',to_timestamp('23-AUG-23 06.07.29.397000000 PM','DD-MON-RR HH.MI.SSXFF AM'),'trns_recharge',-1);
Insert into USSD.SESSION_DATA (SESSION_ID,SIM,LAST_INPUT,LAST_RESP,LAST_UPDATE,SERVICE_ID,ON_PAGE) values ('Wf7oKK6kp8dj',111,'1570016','172X',to_timestamp('23-AUG-23 06.07.51.393000000 PM','DD-MON-RR HH.MI.SSXFF AM'),'info_statement',-1);
Insert into USSD.SESSION_DATA (SESSION_ID,SIM,LAST_INPUT,LAST_RESP,LAST_UPDATE,SERVICE_ID,ON_PAGE) values ('ZlNoRZfCel8S',111,'1570016','171X',to_timestamp('23-AUG-23 06.08.04.390000000 PM','DD-MON-RR HH.MI.SSXFF AM'),'info_balance',-1);
Insert into USSD.SESSION_DATA (SESSION_ID,SIM,LAST_INPUT,LAST_RESP,LAST_UPDATE,SERVICE_ID,ON_PAGE) values ('HpTGmm6u4VXn',111,'01189999999','13XXX',to_timestamp('23-AUG-23 06.40.48.508000000 PM','DD-MON-RR HH.MI.SSXFF AM'),'trns_recharge',-1);
Insert into USSD.SESSION_DATA (SESSION_ID,SIM,LAST_INPUT,LAST_RESP,LAST_UPDATE,SERVICE_ID,ON_PAGE) values ('XF0SFR891IT3',111,'13','13XXXX',to_timestamp('23-AUG-23 06.41.35.928000000 PM','DD-MON-RR HH.MI.SSXFF AM'),'trns_recharge',-1);
Insert into USSD.SESSION_DATA (SESSION_ID,SIM,LAST_INPUT,LAST_RESP,LAST_UPDATE,SERVICE_ID,ON_PAGE) values ('8SiRCoJHuoDw',111,'1570016','13XXXXX',to_timestamp('24-AUG-23 03.33.50.743000000 PM','DD-MON-RR HH.MI.SSXFF AM'),'trns_recharge',-1);
Insert into USSD.SESSION_DATA (SESSION_ID,SIM,LAST_INPUT,LAST_RESP,LAST_UPDATE,SERVICE_ID,ON_PAGE) values ('o40xXb8klFnT',111,'1570016','172X',to_timestamp('27-AUG-23 11.18.39.212000000 AM','DD-MON-RR HH.MI.SSXFF AM'),'info_statement',-1);
Insert into USSD.SESSION_DATA (SESSION_ID,SIM,LAST_INPUT,LAST_RESP,LAST_UPDATE,SERVICE_ID,ON_PAGE) values ('Nm2m9DpfFexL',113,'1509442','172X',to_timestamp('27-AUG-23 11.21.27.656000000 AM','DD-MON-RR HH.MI.SSXFF AM'),'info_statement',-1);
Insert into USSD.SESSION_DATA (SESSION_ID,SIM,LAST_INPUT,LAST_RESP,LAST_UPDATE,SERVICE_ID,ON_PAGE) values ('ecNf48u9KGsP',111,'1570016','13XXXXX',to_timestamp('27-AUG-23 11.45.04.080000000 AM','DD-MON-RR HH.MI.SSXFF AM'),'trns_recharge',-1);
Insert into USSD.SESSION_DATA (SESSION_ID,SIM,LAST_INPUT,LAST_RESP,LAST_UPDATE,SERVICE_ID,ON_PAGE) values ('P8XSre6q3BPn',111,'1570016','13XXXXX',to_timestamp('27-AUG-23 11.48.05.484000000 AM','DD-MON-RR HH.MI.SSXFF AM'),'trns_recharge',-1);
Insert into USSD.SESSION_DATA (SESSION_ID,SIM,LAST_INPUT,LAST_RESP,LAST_UPDATE,SERVICE_ID,ON_PAGE) values ('YO7F51aabp2C',111,'5','15',to_timestamp('27-AUG-23 06.21.08.345000000 PM','DD-MON-RR HH.MI.SSXFF AM'),'trns_bill',-1);
Insert into USSD.SESSION_DATA (SESSION_ID,SIM,LAST_INPUT,LAST_RESP,LAST_UPDATE,SERVICE_ID,ON_PAGE) values ('45Wp8CoHpLtX',111,'1','13XX',to_timestamp('27-AUG-23 06.21.50.006000000 PM','DD-MON-RR HH.MI.SSXFF AM'),'trns_recharge',-1);
Insert into USSD.SESSION_DATA (SESSION_ID,SIM,LAST_INPUT,LAST_RESP,LAST_UPDATE,SERVICE_ID,ON_PAGE) values ('oBY1gSVQv6oN',111,'1570016','13XXXXX',to_timestamp('03-SEP-23 11.09.22.298000000 AM','DD-MON-RR HH.MI.SSXFF AM'),'trns_recharge',-1);
Insert into USSD.SESSION_DATA (SESSION_ID,SIM,LAST_INPUT,LAST_RESP,LAST_UPDATE,SERVICE_ID,ON_PAGE) values ('jSIc0cQIz2BU',111,'p','15',to_timestamp('12-SEP-23 06.22.59.090000000 PM','DD-MON-RR HH.MI.SSXFF AM'),'trns_bill',0);
Insert into USSD.SESSION_DATA (SESSION_ID,SIM,LAST_INPUT,LAST_RESP,LAST_UPDATE,SERVICE_ID,ON_PAGE) values ('ilz8tAwUORvn',111,null,'1',to_timestamp('12-SEP-23 06.23.00.684000000 PM','DD-MON-RR HH.MI.SSXFF AM'),'none',-1);
Insert into USSD.SESSION_DATA (SESSION_ID,SIM,LAST_INPUT,LAST_RESP,LAST_UPDATE,SERVICE_ID,ON_PAGE) values ('GHA6t24W9HpV',111,'5','15',to_timestamp('13-SEP-23 12.25.42.371000000 PM','DD-MON-RR HH.MI.SSXFF AM'),'trns_bill',-1);
Insert into USSD.SESSION_DATA (SESSION_ID,SIM,LAST_INPUT,LAST_RESP,LAST_UPDATE,SERVICE_ID,ON_PAGE) values ('8m2nswJe3yvw',111,'4','15X',to_timestamp('13-SEP-23 12.49.31.398000000 PM','DD-MON-RR HH.MI.SSXFF AM'),'trns_bill',-1);
Insert into USSD.SESSION_DATA (SESSION_ID,SIM,LAST_INPUT,LAST_RESP,LAST_UPDATE,SERVICE_ID,ON_PAGE) values ('OtipgsSTnH5e',111,'2','15X',to_timestamp('13-SEP-23 12.53.24.359000000 PM','DD-MON-RR HH.MI.SSXFF AM'),'trns_bill',-1);
Insert into USSD.SESSION_DATA (SESSION_ID,SIM,LAST_INPUT,LAST_RESP,LAST_UPDATE,SERVICE_ID,ON_PAGE) values ('cuDIGW9MoOqL',111,'1','15X',to_timestamp('13-SEP-23 12.53.35.100000000 PM','DD-MON-RR HH.MI.SSXFF AM'),'trns_bill',-1);
Insert into USSD.SESSION_DATA (SESSION_ID,SIM,LAST_INPUT,LAST_RESP,LAST_UPDATE,SERVICE_ID,ON_PAGE) values ('j3mXMuScZrzJ',111,'1','15X',to_timestamp('13-SEP-23 12.54.47.382000000 PM','DD-MON-RR HH.MI.SSXFF AM'),'trns_bill',-1);
Insert into USSD.SESSION_DATA (SESSION_ID,SIM,LAST_INPUT,LAST_RESP,LAST_UPDATE,SERVICE_ID,ON_PAGE) values ('jBcmKL9r9T31',111,'1570016','13XXXXX',to_timestamp('24-AUG-23 10.13.19.479000000 AM','DD-MON-RR HH.MI.SSXFF AM'),'trns_recharge',-1);
Insert into USSD.SESSION_DATA (SESSION_ID,SIM,LAST_INPUT,LAST_RESP,LAST_UPDATE,SERVICE_ID,ON_PAGE) values ('OmzrC4e9FBi1',111,'1570016','13XXXXX',to_timestamp('24-AUG-23 10.14.08.020000000 AM','DD-MON-RR HH.MI.SSXFF AM'),'trns_recharge',-1);
Insert into USSD.SESSION_DATA (SESSION_ID,SIM,LAST_INPUT,LAST_RESP,LAST_UPDATE,SERVICE_ID,ON_PAGE) values ('3pInaUTJOQLx',111,'1570016','13XXXXX',to_timestamp('24-AUG-23 10.17.42.091000000 AM','DD-MON-RR HH.MI.SSXFF AM'),'trns_recharge',-1);
Insert into USSD.SESSION_DATA (SESSION_ID,SIM,LAST_INPUT,LAST_RESP,LAST_UPDATE,SERVICE_ID,ON_PAGE) values ('ayThM6BwuMxC',111,'1570016','13XXXXX',to_timestamp('24-AUG-23 10.19.54.256000000 AM','DD-MON-RR HH.MI.SSXFF AM'),'trns_recharge',-1);
Insert into USSD.SESSION_DATA (SESSION_ID,SIM,LAST_INPUT,LAST_RESP,LAST_UPDATE,SERVICE_ID,ON_PAGE) values ('apEFWKzzuRtv',111,'1570016','13XXXXX',to_timestamp('24-AUG-23 10.20.17.553000000 AM','DD-MON-RR HH.MI.SSXFF AM'),'trns_recharge',-1);
Insert into USSD.SESSION_DATA (SESSION_ID,SIM,LAST_INPUT,LAST_RESP,LAST_UPDATE,SERVICE_ID,ON_PAGE) values ('WFYBlnhSarOM',111,'1570016','13XXXXX',to_timestamp('24-AUG-23 10.27.33.952000000 AM','DD-MON-RR HH.MI.SSXFF AM'),'trns_recharge',-1);
Insert into USSD.SESSION_DATA (SESSION_ID,SIM,LAST_INPUT,LAST_RESP,LAST_UPDATE,SERVICE_ID,ON_PAGE) values ('5BfS6J4Fukke',111,'p','15',to_timestamp('12-SEP-23 05.04.32.687000000 PM','DD-MON-RR HH.MI.SSXFF AM'),'trns_bill',1);
REM INSERTING into USSD.SESSION_LOG
SET DEFINE OFF;
Insert into USSD.SESSION_LOG (SESSION_ID,UINPUT,LAST_UPDATE) values ('svqlrKYwNgCY','7',to_timestamp('31-AUG-23 11.36.40.078000000 AM','DD-MON-RR HH.MI.SSXFF AM'));
Insert into USSD.SESSION_LOG (SESSION_ID,UINPUT,LAST_UPDATE) values ('svqlrKYwNgCY','1',to_timestamp('31-AUG-23 11.36.45.242000000 AM','DD-MON-RR HH.MI.SSXFF AM'));
Insert into USSD.SESSION_LOG (SESSION_ID,UINPUT,LAST_UPDATE) values ('svqlrKYwNgCY','1570016',to_timestamp('31-AUG-23 11.36.48.327000000 AM','DD-MON-RR HH.MI.SSXFF AM'));
Insert into USSD.SESSION_LOG (SESSION_ID,UINPUT,LAST_UPDATE) values ('7Ys3ZKUnhHCt','7',to_timestamp('31-AUG-23 11.36.53.752000000 AM','DD-MON-RR HH.MI.SSXFF AM'));
Insert into USSD.SESSION_LOG (SESSION_ID,UINPUT,LAST_UPDATE) values ('7Ys3ZKUnhHCt','2',to_timestamp('31-AUG-23 11.36.55.989000000 AM','DD-MON-RR HH.MI.SSXFF AM'));
Insert into USSD.SESSION_LOG (SESSION_ID,UINPUT,LAST_UPDATE) values ('7Ys3ZKUnhHCt','1570016',to_timestamp('31-AUG-23 11.36.58.931000000 AM','DD-MON-RR HH.MI.SSXFF AM'));
Insert into USSD.SESSION_LOG (SESSION_ID,UINPUT,LAST_UPDATE) values ('xPd1tSgK3MqR','7',to_timestamp('31-AUG-23 11.38.42.458000000 AM','DD-MON-RR HH.MI.SSXFF AM'));
Insert into USSD.SESSION_LOG (SESSION_ID,UINPUT,LAST_UPDATE) values ('xPd1tSgK3MqR','2',to_timestamp('31-AUG-23 11.38.44.581000000 AM','DD-MON-RR HH.MI.SSXFF AM'));
Insert into USSD.SESSION_LOG (SESSION_ID,UINPUT,LAST_UPDATE) values ('xPd1tSgK3MqR','1570016',to_timestamp('31-AUG-23 11.38.47.333000000 AM','DD-MON-RR HH.MI.SSXFF AM'));
Insert into USSD.SESSION_LOG (SESSION_ID,UINPUT,LAST_UPDATE) values ('L9Bhtrayd17Z','2',to_timestamp('31-AUG-23 11.38.56.155000000 AM','DD-MON-RR HH.MI.SSXFF AM'));
Insert into USSD.SESSION_LOG (SESSION_ID,UINPUT,LAST_UPDATE) values ('L9Bhtrayd17Z','112',to_timestamp('31-AUG-23 11.38.58.988000000 AM','DD-MON-RR HH.MI.SSXFF AM'));
Insert into USSD.SESSION_LOG (SESSION_ID,UINPUT,LAST_UPDATE) values ('L9Bhtrayd17Z','11',to_timestamp('31-AUG-23 11.39.02.011000000 AM','DD-MON-RR HH.MI.SSXFF AM'));
Insert into USSD.SESSION_LOG (SESSION_ID,UINPUT,LAST_UPDATE) values ('L9Bhtrayd17Z','jh',to_timestamp('31-AUG-23 11.39.04.019000000 AM','DD-MON-RR HH.MI.SSXFF AM'));
Insert into USSD.SESSION_LOG (SESSION_ID,UINPUT,LAST_UPDATE) values ('L9Bhtrayd17Z','1570016',to_timestamp('31-AUG-23 11.39.08.261000000 AM','DD-MON-RR HH.MI.SSXFF AM'));
Insert into USSD.SESSION_LOG (SESSION_ID,UINPUT,LAST_UPDATE) values ('eBJq9WogLf4S','8',to_timestamp('31-AUG-23 11.39.12.207000000 AM','DD-MON-RR HH.MI.SSXFF AM'));
Insert into USSD.SESSION_LOG (SESSION_ID,UINPUT,LAST_UPDATE) values ('DelJAib56ebf','7',to_timestamp('31-AUG-23 11.39.15.487000000 AM','DD-MON-RR HH.MI.SSXFF AM'));
Insert into USSD.SESSION_LOG (SESSION_ID,UINPUT,LAST_UPDATE) values ('DelJAib56ebf','2',to_timestamp('31-AUG-23 11.39.18.725000000 AM','DD-MON-RR HH.MI.SSXFF AM'));
Insert into USSD.SESSION_LOG (SESSION_ID,UINPUT,LAST_UPDATE) values ('DelJAib56ebf','1570016',to_timestamp('31-AUG-23 11.39.22.399000000 AM','DD-MON-RR HH.MI.SSXFF AM'));
Insert into USSD.SESSION_LOG (SESSION_ID,UINPUT,LAST_UPDATE) values ('oBY1gSVQv6oN','3',to_timestamp('03-SEP-23 11.08.14.398000000 AM','DD-MON-RR HH.MI.SSXFF AM'));
Insert into USSD.SESSION_LOG (SESSION_ID,UINPUT,LAST_UPDATE) values ('oBY1gSVQv6oN','3',to_timestamp('03-SEP-23 11.08.17.849000000 AM','DD-MON-RR HH.MI.SSXFF AM'));
Insert into USSD.SESSION_LOG (SESSION_ID,UINPUT,LAST_UPDATE) values ('oBY1gSVQv6oN','2',to_timestamp('03-SEP-23 11.08.18.788000000 AM','DD-MON-RR HH.MI.SSXFF AM'));
Insert into USSD.SESSION_LOG (SESSION_ID,UINPUT,LAST_UPDATE) values ('oBY1gSVQv6oN','01988774663',to_timestamp('03-SEP-23 11.08.22.781000000 AM','DD-MON-RR HH.MI.SSXFF AM'));
Insert into USSD.SESSION_LOG (SESSION_ID,UINPUT,LAST_UPDATE) values ('oBY1gSVQv6oN','3',to_timestamp('03-SEP-23 11.08.28.437000000 AM','DD-MON-RR HH.MI.SSXFF AM'));
Insert into USSD.SESSION_LOG (SESSION_ID,UINPUT,LAST_UPDATE) values ('oBY1gSVQv6oN','1570016',to_timestamp('03-SEP-23 11.09.24.111000000 AM','DD-MON-RR HH.MI.SSXFF AM'));
Insert into USSD.SESSION_LOG (SESSION_ID,UINPUT,LAST_UPDATE) values ('Wg1WJAYLaQWL','3',to_timestamp('03-SEP-23 11.10.22.739000000 AM','DD-MON-RR HH.MI.SSXFF AM'));
Insert into USSD.SESSION_LOG (SESSION_ID,UINPUT,LAST_UPDATE) values ('Wg1WJAYLaQWL','2',to_timestamp('03-SEP-23 11.10.24.448000000 AM','DD-MON-RR HH.MI.SSXFF AM'));
Insert into USSD.SESSION_LOG (SESSION_ID,UINPUT,LAST_UPDATE) values ('Wg1WJAYLaQWL','2',to_timestamp('03-SEP-23 11.10.24.947000000 AM','DD-MON-RR HH.MI.SSXFF AM'));
Insert into USSD.SESSION_LOG (SESSION_ID,UINPUT,LAST_UPDATE) values ('Wg1WJAYLaQWL','01677445667',to_timestamp('03-SEP-23 11.10.29.315000000 AM','DD-MON-RR HH.MI.SSXFF AM'));
Insert into USSD.SESSION_LOG (SESSION_ID,UINPUT,LAST_UPDATE) values ('Wg1WJAYLaQWL','4',to_timestamp('03-SEP-23 11.10.34.090000000 AM','DD-MON-RR HH.MI.SSXFF AM'));
Insert into USSD.SESSION_LOG (SESSION_ID,UINPUT,LAST_UPDATE) values ('Wg1WJAYLaQWL','1570016',to_timestamp('03-SEP-23 11.10.36.439000000 AM','DD-MON-RR HH.MI.SSXFF AM'));
Insert into USSD.SESSION_LOG (SESSION_ID,UINPUT,LAST_UPDATE) values ('Yxhy0sUuAC7U','3',to_timestamp('03-SEP-23 11.10.57.604000000 AM','DD-MON-RR HH.MI.SSXFF AM'));
Insert into USSD.SESSION_LOG (SESSION_ID,UINPUT,LAST_UPDATE) values ('Yxhy0sUuAC7U','2',to_timestamp('03-SEP-23 11.10.59.290000000 AM','DD-MON-RR HH.MI.SSXFF AM'));
Insert into USSD.SESSION_LOG (SESSION_ID,UINPUT,LAST_UPDATE) values ('Yxhy0sUuAC7U','2',to_timestamp('03-SEP-23 11.10.59.693000000 AM','DD-MON-RR HH.MI.SSXFF AM'));
Insert into USSD.SESSION_LOG (SESSION_ID,UINPUT,LAST_UPDATE) values ('Yxhy0sUuAC7U','01566778993',to_timestamp('03-SEP-23 11.11.03.585000000 AM','DD-MON-RR HH.MI.SSXFF AM'));
Insert into USSD.SESSION_LOG (SESSION_ID,UINPUT,LAST_UPDATE) values ('Yxhy0sUuAC7U','3',to_timestamp('03-SEP-23 11.11.07.322000000 AM','DD-MON-RR HH.MI.SSXFF AM'));
Insert into USSD.SESSION_LOG (SESSION_ID,UINPUT,LAST_UPDATE) values ('Yxhy0sUuAC7U','1570016',to_timestamp('03-SEP-23 11.11.08.647000000 AM','DD-MON-RR HH.MI.SSXFF AM'));
Insert into USSD.SESSION_LOG (SESSION_ID,UINPUT,LAST_UPDATE) values ('8IgK3w5gz88X','3',to_timestamp('04-SEP-23 10.57.41.539000000 AM','DD-MON-RR HH.MI.SSXFF AM'));
Insert into USSD.SESSION_LOG (SESSION_ID,UINPUT,LAST_UPDATE) values ('8IgK3w5gz88X','3',to_timestamp('04-SEP-23 10.57.43.989000000 AM','DD-MON-RR HH.MI.SSXFF AM'));
Insert into USSD.SESSION_LOG (SESSION_ID,UINPUT,LAST_UPDATE) values ('8IgK3w5gz88X','2',to_timestamp('04-SEP-23 10.57.45.139000000 AM','DD-MON-RR HH.MI.SSXFF AM'));
Insert into USSD.SESSION_LOG (SESSION_ID,UINPUT,LAST_UPDATE) values ('8IgK3w5gz88X','01654577783',to_timestamp('04-SEP-23 10.57.53.599000000 AM','DD-MON-RR HH.MI.SSXFF AM'));
Insert into USSD.SESSION_LOG (SESSION_ID,UINPUT,LAST_UPDATE) values ('8IgK3w5gz88X','3',to_timestamp('04-SEP-23 10.57.57.256000000 AM','DD-MON-RR HH.MI.SSXFF AM'));
Insert into USSD.SESSION_LOG (SESSION_ID,UINPUT,LAST_UPDATE) values ('8IgK3w5gz88X','1570016',to_timestamp('04-SEP-23 10.57.58.451000000 AM','DD-MON-RR HH.MI.SSXFF AM'));
Insert into USSD.SESSION_LOG (SESSION_ID,UINPUT,LAST_UPDATE) values ('daOtyD6T6ADf','3',to_timestamp('04-SEP-23 10.58.59.734000000 AM','DD-MON-RR HH.MI.SSXFF AM'));
Insert into USSD.SESSION_LOG (SESSION_ID,UINPUT,LAST_UPDATE) values ('daOtyD6T6ADf','3',to_timestamp('04-SEP-23 10.59.00.582000000 AM','DD-MON-RR HH.MI.SSXFF AM'));
Insert into USSD.SESSION_LOG (SESSION_ID,UINPUT,LAST_UPDATE) values ('daOtyD6T6ADf','2',to_timestamp('04-SEP-23 10.59.01.618000000 AM','DD-MON-RR HH.MI.SSXFF AM'));
Insert into USSD.SESSION_LOG (SESSION_ID,UINPUT,LAST_UPDATE) values ('daOtyD6T6ADf','01655446778',to_timestamp('04-SEP-23 10.59.08.927000000 AM','DD-MON-RR HH.MI.SSXFF AM'));
Insert into USSD.SESSION_LOG (SESSION_ID,UINPUT,LAST_UPDATE) values ('daOtyD6T6ADf','3',to_timestamp('04-SEP-23 10.59.12.712000000 AM','DD-MON-RR HH.MI.SSXFF AM'));
Insert into USSD.SESSION_LOG (SESSION_ID,UINPUT,LAST_UPDATE) values ('daOtyD6T6ADf','1570016',to_timestamp('04-SEP-23 10.59.13.885000000 AM','DD-MON-RR HH.MI.SSXFF AM'));
Insert into USSD.SESSION_LOG (SESSION_ID,UINPUT,LAST_UPDATE) values ('PpMxp8Hxue6V','3',to_timestamp('04-SEP-23 11.01.23.720000000 AM','DD-MON-RR HH.MI.SSXFF AM'));
Insert into USSD.SESSION_LOG (SESSION_ID,UINPUT,LAST_UPDATE) values ('PpMxp8Hxue6V','3',to_timestamp('04-SEP-23 11.01.24.209000000 AM','DD-MON-RR HH.MI.SSXFF AM'));
Insert into USSD.SESSION_LOG (SESSION_ID,UINPUT,LAST_UPDATE) values ('PpMxp8Hxue6V','2',to_timestamp('04-SEP-23 11.01.25.887000000 AM','DD-MON-RR HH.MI.SSXFF AM'));
Insert into USSD.SESSION_LOG (SESSION_ID,UINPUT,LAST_UPDATE) values ('PpMxp8Hxue6V','01655778665',to_timestamp('04-SEP-23 11.01.30.881000000 AM','DD-MON-RR HH.MI.SSXFF AM'));
Insert into USSD.SESSION_LOG (SESSION_ID,UINPUT,LAST_UPDATE) values ('PpMxp8Hxue6V','3',to_timestamp('04-SEP-23 11.01.33.939000000 AM','DD-MON-RR HH.MI.SSXFF AM'));
Insert into USSD.SESSION_LOG (SESSION_ID,UINPUT,LAST_UPDATE) values ('PpMxp8Hxue6V','1570016',to_timestamp('04-SEP-23 11.01.35.077000000 AM','DD-MON-RR HH.MI.SSXFF AM'));
Insert into USSD.SESSION_LOG (SESSION_ID,UINPUT,LAST_UPDATE) values ('X8DXqCIQL2Oq','3',to_timestamp('04-SEP-23 11.03.37.337000000 AM','DD-MON-RR HH.MI.SSXFF AM'));
Insert into USSD.SESSION_LOG (SESSION_ID,UINPUT,LAST_UPDATE) values ('X8DXqCIQL2Oq','3',to_timestamp('04-SEP-23 11.03.38.953000000 AM','DD-MON-RR HH.MI.SSXFF AM'));
Insert into USSD.SESSION_LOG (SESSION_ID,UINPUT,LAST_UPDATE) values ('X8DXqCIQL2Oq','2',to_timestamp('04-SEP-23 11.03.39.756000000 AM','DD-MON-RR HH.MI.SSXFF AM'));
Insert into USSD.SESSION_LOG (SESSION_ID,UINPUT,LAST_UPDATE) values ('X8DXqCIQL2Oq','01755664776',to_timestamp('04-SEP-23 11.03.44.422000000 AM','DD-MON-RR HH.MI.SSXFF AM'));
Insert into USSD.SESSION_LOG (SESSION_ID,UINPUT,LAST_UPDATE) values ('X8DXqCIQL2Oq','3',to_timestamp('04-SEP-23 11.03.47.492000000 AM','DD-MON-RR HH.MI.SSXFF AM'));
Insert into USSD.SESSION_LOG (SESSION_ID,UINPUT,LAST_UPDATE) values ('X8DXqCIQL2Oq','1570016',to_timestamp('04-SEP-23 11.03.48.615000000 AM','DD-MON-RR HH.MI.SSXFF AM'));
Insert into USSD.SESSION_LOG (SESSION_ID,UINPUT,LAST_UPDATE) values ('czQlUmSAc8lZ','3',to_timestamp('04-SEP-23 11.07.36.413000000 AM','DD-MON-RR HH.MI.SSXFF AM'));
Insert into USSD.SESSION_LOG (SESSION_ID,UINPUT,LAST_UPDATE) values ('czQlUmSAc8lZ','3',to_timestamp('04-SEP-23 11.07.36.894000000 AM','DD-MON-RR HH.MI.SSXFF AM'));
Insert into USSD.SESSION_LOG (SESSION_ID,UINPUT,LAST_UPDATE) values ('czQlUmSAc8lZ','2',to_timestamp('04-SEP-23 11.07.38.797000000 AM','DD-MON-RR HH.MI.SSXFF AM'));
Insert into USSD.SESSION_LOG (SESSION_ID,UINPUT,LAST_UPDATE) values ('czQlUmSAc8lZ','01655778996',to_timestamp('04-SEP-23 11.07.43.546000000 AM','DD-MON-RR HH.MI.SSXFF AM'));
Insert into USSD.SESSION_LOG (SESSION_ID,UINPUT,LAST_UPDATE) values ('czQlUmSAc8lZ','3',to_timestamp('04-SEP-23 11.07.45.704000000 AM','DD-MON-RR HH.MI.SSXFF AM'));
Insert into USSD.SESSION_LOG (SESSION_ID,UINPUT,LAST_UPDATE) values ('czQlUmSAc8lZ','1570016',to_timestamp('04-SEP-23 11.07.47.196000000 AM','DD-MON-RR HH.MI.SSXFF AM'));
Insert into USSD.SESSION_LOG (SESSION_ID,UINPUT,LAST_UPDATE) values ('jzWwnZrk9FDc','3',to_timestamp('04-SEP-23 11.09.06.373000000 AM','DD-MON-RR HH.MI.SSXFF AM'));
Insert into USSD.SESSION_LOG (SESSION_ID,UINPUT,LAST_UPDATE) values ('jzWwnZrk9FDc','3',to_timestamp('04-SEP-23 11.09.07.128000000 AM','DD-MON-RR HH.MI.SSXFF AM'));
Insert into USSD.SESSION_LOG (SESSION_ID,UINPUT,LAST_UPDATE) values ('jzWwnZrk9FDc','2',to_timestamp('04-SEP-23 11.09.08.409000000 AM','DD-MON-RR HH.MI.SSXFF AM'));
Insert into USSD.SESSION_LOG (SESSION_ID,UINPUT,LAST_UPDATE) values ('jzWwnZrk9FDc','01677885667',to_timestamp('04-SEP-23 11.09.11.879000000 AM','DD-MON-RR HH.MI.SSXFF AM'));
Insert into USSD.SESSION_LOG (SESSION_ID,UINPUT,LAST_UPDATE) values ('jzWwnZrk9FDc','3',to_timestamp('04-SEP-23 11.09.14.059000000 AM','DD-MON-RR HH.MI.SSXFF AM'));
Insert into USSD.SESSION_LOG (SESSION_ID,UINPUT,LAST_UPDATE) values ('jzWwnZrk9FDc','1570016',to_timestamp('04-SEP-23 11.09.14.905000000 AM','DD-MON-RR HH.MI.SSXFF AM'));
Insert into USSD.SESSION_LOG (SESSION_ID,UINPUT,LAST_UPDATE) values ('p783udEnIXQX','3',to_timestamp('04-SEP-23 12.43.06.991000000 PM','DD-MON-RR HH.MI.SSXFF AM'));
Insert into USSD.SESSION_LOG (SESSION_ID,UINPUT,LAST_UPDATE) values ('p783udEnIXQX','2',to_timestamp('04-SEP-23 12.43.10.122000000 PM','DD-MON-RR HH.MI.SSXFF AM'));
Insert into USSD.SESSION_LOG (SESSION_ID,UINPUT,LAST_UPDATE) values ('p783udEnIXQX','2',to_timestamp('04-SEP-23 12.43.10.662000000 PM','DD-MON-RR HH.MI.SSXFF AM'));
Insert into USSD.SESSION_LOG (SESSION_ID,UINPUT,LAST_UPDATE) values ('p783udEnIXQX','01655778990',to_timestamp('04-SEP-23 12.43.16.095000000 PM','DD-MON-RR HH.MI.SSXFF AM'));
Insert into USSD.SESSION_LOG (SESSION_ID,UINPUT,LAST_UPDATE) values ('p783udEnIXQX','3',to_timestamp('04-SEP-23 12.43.19.046000000 PM','DD-MON-RR HH.MI.SSXFF AM'));
Insert into USSD.SESSION_LOG (SESSION_ID,UINPUT,LAST_UPDATE) values ('p783udEnIXQX','1570016',to_timestamp('04-SEP-23 12.43.20.622000000 PM','DD-MON-RR HH.MI.SSXFF AM'));
Insert into USSD.SESSION_LOG (SESSION_ID,UINPUT,LAST_UPDATE) values ('0ImfPHOpPD71','2',to_timestamp('07-SEP-23 05.21.40.669000000 PM','DD-MON-RR HH.MI.SSXFF AM'));
Insert into USSD.SESSION_LOG (SESSION_ID,UINPUT,LAST_UPDATE) values ('0ImfPHOpPD71','114',to_timestamp('07-SEP-23 05.21.46.112000000 PM','DD-MON-RR HH.MI.SSXFF AM'));
Insert into USSD.SESSION_LOG (SESSION_ID,UINPUT,LAST_UPDATE) values ('0ImfPHOpPD71','33',to_timestamp('07-SEP-23 05.21.48.921000000 PM','DD-MON-RR HH.MI.SSXFF AM'));
Insert into USSD.SESSION_LOG (SESSION_ID,UINPUT,LAST_UPDATE) values ('0ImfPHOpPD71','test',to_timestamp('07-SEP-23 05.21.52.616000000 PM','DD-MON-RR HH.MI.SSXFF AM'));
Insert into USSD.SESSION_LOG (SESSION_ID,UINPUT,LAST_UPDATE) values ('0ImfPHOpPD71','1631584',to_timestamp('07-SEP-23 05.21.57.968000000 PM','DD-MON-RR HH.MI.SSXFF AM'));
Insert into USSD.SESSION_LOG (SESSION_ID,UINPUT,LAST_UPDATE) values ('TKl3GsCgmH8n','5',to_timestamp('13-SEP-23 11.52.45.647000000 AM','DD-MON-RR HH.MI.SSXFF AM'));
Insert into USSD.SESSION_LOG (SESSION_ID,UINPUT,LAST_UPDATE) values ('TKl3GsCgmH8n','n',to_timestamp('13-SEP-23 11.52.48.229000000 AM','DD-MON-RR HH.MI.SSXFF AM'));
Insert into USSD.SESSION_LOG (SESSION_ID,UINPUT,LAST_UPDATE) values ('TKl3GsCgmH8n','n',to_timestamp('13-SEP-23 11.52.55.773000000 AM','DD-MON-RR HH.MI.SSXFF AM'));
Insert into USSD.SESSION_LOG (SESSION_ID,UINPUT,LAST_UPDATE) values ('TKl3GsCgmH8n','p',to_timestamp('13-SEP-23 11.52.58.515000000 AM','DD-MON-RR HH.MI.SSXFF AM'));
Insert into USSD.SESSION_LOG (SESSION_ID,UINPUT,LAST_UPDATE) values ('TKl3GsCgmH8n','p',to_timestamp('13-SEP-23 11.52.59.119000000 AM','DD-MON-RR HH.MI.SSXFF AM'));
Insert into USSD.SESSION_LOG (SESSION_ID,UINPUT,LAST_UPDATE) values ('uSEv4vjmFOQh','5',to_timestamp('17-SEP-23 02.05.47.811000000 PM','DD-MON-RR HH.MI.SSXFF AM'));
Insert into USSD.SESSION_LOG (SESSION_ID,UINPUT,LAST_UPDATE) values ('uSEv4vjmFOQh','n',to_timestamp('17-SEP-23 02.05.50.988000000 PM','DD-MON-RR HH.MI.SSXFF AM'));
Insert into USSD.SESSION_LOG (SESSION_ID,UINPUT,LAST_UPDATE) values ('uSEv4vjmFOQh','n',to_timestamp('17-SEP-23 02.05.52.034000000 PM','DD-MON-RR HH.MI.SSXFF AM'));
Insert into USSD.SESSION_LOG (SESSION_ID,UINPUT,LAST_UPDATE) values ('uSEv4vjmFOQh','p',to_timestamp('17-SEP-23 02.05.54.175000000 PM','DD-MON-RR HH.MI.SSXFF AM'));
Insert into USSD.SESSION_LOG (SESSION_ID,UINPUT,LAST_UPDATE) values ('dkNT69OQioe6','5',to_timestamp('17-SEP-23 02.06.39.846000000 PM','DD-MON-RR HH.MI.SSXFF AM'));
Insert into USSD.SESSION_LOG (SESSION_ID,UINPUT,LAST_UPDATE) values ('dkNT69OQioe6','n',to_timestamp('17-SEP-23 02.06.42.504000000 PM','DD-MON-RR HH.MI.SSXFF AM'));
Insert into USSD.SESSION_LOG (SESSION_ID,UINPUT,LAST_UPDATE) values ('dkNT69OQioe6','n',to_timestamp('17-SEP-23 02.06.43.015000000 PM','DD-MON-RR HH.MI.SSXFF AM'));
Insert into USSD.SESSION_LOG (SESSION_ID,UINPUT,LAST_UPDATE) values ('dkNT69OQioe6','p',to_timestamp('17-SEP-23 02.06.44.168000000 PM','DD-MON-RR HH.MI.SSXFF AM'));
Insert into USSD.SESSION_LOG (SESSION_ID,UINPUT,LAST_UPDATE) values ('kSQa7Z4YIhdp','5',to_timestamp('17-SEP-23 02.08.22.985000000 PM','DD-MON-RR HH.MI.SSXFF AM'));
Insert into USSD.SESSION_LOG (SESSION_ID,UINPUT,LAST_UPDATE) values ('kSQa7Z4YIhdp','n',to_timestamp('17-SEP-23 02.08.24.675000000 PM','DD-MON-RR HH.MI.SSXFF AM'));
Insert into USSD.SESSION_LOG (SESSION_ID,UINPUT,LAST_UPDATE) values ('kSQa7Z4YIhdp','n',to_timestamp('17-SEP-23 02.08.25.451000000 PM','DD-MON-RR HH.MI.SSXFF AM'));
Insert into USSD.SESSION_LOG (SESSION_ID,UINPUT,LAST_UPDATE) values ('kSQa7Z4YIhdp','p',to_timestamp('17-SEP-23 02.08.27.106000000 PM','DD-MON-RR HH.MI.SSXFF AM'));
Insert into USSD.SESSION_LOG (SESSION_ID,UINPUT,LAST_UPDATE) values ('kSQa7Z4YIhdp','p',to_timestamp('17-SEP-23 02.08.33.153000000 PM','DD-MON-RR HH.MI.SSXFF AM'));
Insert into USSD.SESSION_LOG (SESSION_ID,UINPUT,LAST_UPDATE) values ('kSQa7Z4YIhdp','n',to_timestamp('17-SEP-23 02.08.35.807000000 PM','DD-MON-RR HH.MI.SSXFF AM'));
Insert into USSD.SESSION_LOG (SESSION_ID,UINPUT,LAST_UPDATE) values ('4sgOafciCrxo','5',to_timestamp('17-SEP-23 02.11.31.960000000 PM','DD-MON-RR HH.MI.SSXFF AM'));
Insert into USSD.SESSION_LOG (SESSION_ID,UINPUT,LAST_UPDATE) values ('4sgOafciCrxo','n',to_timestamp('17-SEP-23 02.11.34.314000000 PM','DD-MON-RR HH.MI.SSXFF AM'));
Insert into USSD.SESSION_LOG (SESSION_ID,UINPUT,LAST_UPDATE) values ('4sgOafciCrxo','n',to_timestamp('17-SEP-23 02.11.34.900000000 PM','DD-MON-RR HH.MI.SSXFF AM'));
Insert into USSD.SESSION_LOG (SESSION_ID,UINPUT,LAST_UPDATE) values ('4sgOafciCrxo','p',to_timestamp('17-SEP-23 02.11.37.150000000 PM','DD-MON-RR HH.MI.SSXFF AM'));
Insert into USSD.SESSION_LOG (SESSION_ID,UINPUT,LAST_UPDATE) values ('4sgOafciCrxo','5',to_timestamp('17-SEP-23 02.11.50.622000000 PM','DD-MON-RR HH.MI.SSXFF AM'));
Insert into USSD.SESSION_LOG (SESSION_ID,UINPUT,LAST_UPDATE) values ('4sgOafciCrxo','15',to_timestamp('17-SEP-23 05.59.48.908000000 PM','DD-MON-RR HH.MI.SSXFF AM'));
Insert into USSD.SESSION_LOG (SESSION_ID,UINPUT,LAST_UPDATE) values ('4sgOafciCrxo','1570016',to_timestamp('17-SEP-23 05.59.53.701000000 PM','DD-MON-RR HH.MI.SSXFF AM'));
Insert into USSD.SESSION_LOG (SESSION_ID,UINPUT,LAST_UPDATE) values ('pJM2ZLxD8OVR','5',to_timestamp('17-SEP-23 06.00.58.037000000 PM','DD-MON-RR HH.MI.SSXFF AM'));
Insert into USSD.SESSION_LOG (SESSION_ID,UINPUT,LAST_UPDATE) values ('pJM2ZLxD8OVR','n',to_timestamp('17-SEP-23 06.01.00.761000000 PM','DD-MON-RR HH.MI.SSXFF AM'));
Insert into USSD.SESSION_LOG (SESSION_ID,UINPUT,LAST_UPDATE) values ('pJM2ZLxD8OVR','p',to_timestamp('17-SEP-23 06.01.02.046000000 PM','DD-MON-RR HH.MI.SSXFF AM'));
Insert into USSD.SESSION_LOG (SESSION_ID,UINPUT,LAST_UPDATE) values ('pJM2ZLxD8OVR','n',to_timestamp('17-SEP-23 06.01.04.018000000 PM','DD-MON-RR HH.MI.SSXFF AM'));
Insert into USSD.SESSION_LOG (SESSION_ID,UINPUT,LAST_UPDATE) values ('pJM2ZLxD8OVR','6',to_timestamp('17-SEP-23 06.01.08.003000000 PM','DD-MON-RR HH.MI.SSXFF AM'));
Insert into USSD.SESSION_LOG (SESSION_ID,UINPUT,LAST_UPDATE) values ('pJM2ZLxD8OVR','13',to_timestamp('17-SEP-23 06.01.12.869000000 PM','DD-MON-RR HH.MI.SSXFF AM'));
Insert into USSD.SESSION_LOG (SESSION_ID,UINPUT,LAST_UPDATE) values ('pJM2ZLxD8OVR','1570016',to_timestamp('17-SEP-23 06.01.15.637000000 PM','DD-MON-RR HH.MI.SSXFF AM'));
Insert into USSD.SESSION_LOG (SESSION_ID,UINPUT,LAST_UPDATE) values ('A6TMg4C50WxC','5',to_timestamp('17-SEP-23 06.05.56.272000000 PM','DD-MON-RR HH.MI.SSXFF AM'));
Insert into USSD.SESSION_LOG (SESSION_ID,UINPUT,LAST_UPDATE) values ('A6TMg4C50WxC','n',to_timestamp('17-SEP-23 06.05.58.862000000 PM','DD-MON-RR HH.MI.SSXFF AM'));
Insert into USSD.SESSION_LOG (SESSION_ID,UINPUT,LAST_UPDATE) values ('A6TMg4C50WxC','n',to_timestamp('17-SEP-23 06.05.59.932000000 PM','DD-MON-RR HH.MI.SSXFF AM'));
Insert into USSD.SESSION_LOG (SESSION_ID,UINPUT,LAST_UPDATE) values ('A6TMg4C50WxC','p',to_timestamp('17-SEP-23 06.06.01.588000000 PM','DD-MON-RR HH.MI.SSXFF AM'));
Insert into USSD.SESSION_LOG (SESSION_ID,UINPUT,LAST_UPDATE) values ('A6TMg4C50WxC','6',to_timestamp('17-SEP-23 06.06.06.670000000 PM','DD-MON-RR HH.MI.SSXFF AM'));
Insert into USSD.SESSION_LOG (SESSION_ID,UINPUT,LAST_UPDATE) values ('A6TMg4C50WxC','13',to_timestamp('17-SEP-23 06.06.09.256000000 PM','DD-MON-RR HH.MI.SSXFF AM'));
Insert into USSD.SESSION_LOG (SESSION_ID,UINPUT,LAST_UPDATE) values ('A6TMg4C50WxC','1570016',to_timestamp('17-SEP-23 06.06.11.923000000 PM','DD-MON-RR HH.MI.SSXFF AM'));
Insert into USSD.SESSION_LOG (SESSION_ID,UINPUT,LAST_UPDATE) values ('uOjlPXwvgXZm','5',to_timestamp('17-SEP-23 06.27.33.198000000 PM','DD-MON-RR HH.MI.SSXFF AM'));
Insert into USSD.SESSION_LOG (SESSION_ID,UINPUT,LAST_UPDATE) values ('uOjlPXwvgXZm','n',to_timestamp('17-SEP-23 06.27.35.776000000 PM','DD-MON-RR HH.MI.SSXFF AM'));
Insert into USSD.SESSION_LOG (SESSION_ID,UINPUT,LAST_UPDATE) values ('uOjlPXwvgXZm','9',to_timestamp('17-SEP-23 06.28.30.944000000 PM','DD-MON-RR HH.MI.SSXFF AM'));
Insert into USSD.SESSION_LOG (SESSION_ID,UINPUT,LAST_UPDATE) values ('uOjlPXwvgXZm','3344',to_timestamp('17-SEP-23 06.28.36.107000000 PM','DD-MON-RR HH.MI.SSXFF AM'));
Insert into USSD.SESSION_LOG (SESSION_ID,UINPUT,LAST_UPDATE) values ('uOjlPXwvgXZm','1570016',to_timestamp('17-SEP-23 06.28.41.045000000 PM','DD-MON-RR HH.MI.SSXFF AM'));
Insert into USSD.SESSION_LOG (SESSION_ID,UINPUT,LAST_UPDATE) values ('6CQHAHmDsQkM','5',to_timestamp('17-SEP-23 06.28.47.652000000 PM','DD-MON-RR HH.MI.SSXFF AM'));
Insert into USSD.SESSION_LOG (SESSION_ID,UINPUT,LAST_UPDATE) values ('6CQHAHmDsQkM','n',to_timestamp('17-SEP-23 06.28.49.887000000 PM','DD-MON-RR HH.MI.SSXFF AM'));
Insert into USSD.SESSION_LOG (SESSION_ID,UINPUT,LAST_UPDATE) values ('6CQHAHmDsQkM','9',to_timestamp('17-SEP-23 06.28.53.229000000 PM','DD-MON-RR HH.MI.SSXFF AM'));
Insert into USSD.SESSION_LOG (SESSION_ID,UINPUT,LAST_UPDATE) values ('6CQHAHmDsQkM','12',to_timestamp('17-SEP-23 06.28.55.344000000 PM','DD-MON-RR HH.MI.SSXFF AM'));
Insert into USSD.SESSION_LOG (SESSION_ID,UINPUT,LAST_UPDATE) values ('6CQHAHmDsQkM','1570016',to_timestamp('17-SEP-23 06.28.58.336000000 PM','DD-MON-RR HH.MI.SSXFF AM'));
Insert into USSD.SESSION_LOG (SESSION_ID,UINPUT,LAST_UPDATE) values ('KnMvVPbtv4BL','5',to_timestamp('17-SEP-23 06.29.24.334000000 PM','DD-MON-RR HH.MI.SSXFF AM'));
Insert into USSD.SESSION_LOG (SESSION_ID,UINPUT,LAST_UPDATE) values ('KnMvVPbtv4BL','n',to_timestamp('17-SEP-23 06.29.26.274000000 PM','DD-MON-RR HH.MI.SSXFF AM'));
Insert into USSD.SESSION_LOG (SESSION_ID,UINPUT,LAST_UPDATE) values ('KnMvVPbtv4BL','n',to_timestamp('17-SEP-23 06.29.26.915000000 PM','DD-MON-RR HH.MI.SSXFF AM'));
Insert into USSD.SESSION_LOG (SESSION_ID,UINPUT,LAST_UPDATE) values ('KnMvVPbtv4BL','p',to_timestamp('17-SEP-23 06.29.29.429000000 PM','DD-MON-RR HH.MI.SSXFF AM'));
Insert into USSD.SESSION_LOG (SESSION_ID,UINPUT,LAST_UPDATE) values ('KnMvVPbtv4BL','9',to_timestamp('17-SEP-23 06.29.31.763000000 PM','DD-MON-RR HH.MI.SSXFF AM'));
Insert into USSD.SESSION_LOG (SESSION_ID,UINPUT,LAST_UPDATE) values ('KnMvVPbtv4BL','13',to_timestamp('17-SEP-23 06.29.36.845000000 PM','DD-MON-RR HH.MI.SSXFF AM'));
Insert into USSD.SESSION_LOG (SESSION_ID,UINPUT,LAST_UPDATE) values ('KnMvVPbtv4BL','1570016',to_timestamp('17-SEP-23 06.29.38.435000000 PM','DD-MON-RR HH.MI.SSXFF AM'));
Insert into USSD.SESSION_LOG (SESSION_ID,UINPUT,LAST_UPDATE) values ('KFnKiEXn51R7','5',to_timestamp('17-SEP-23 06.30.46.708000000 PM','DD-MON-RR HH.MI.SSXFF AM'));
Insert into USSD.SESSION_LOG (SESSION_ID,UINPUT,LAST_UPDATE) values ('KFnKiEXn51R7','8',to_timestamp('17-SEP-23 06.30.50.078000000 PM','DD-MON-RR HH.MI.SSXFF AM'));
Insert into USSD.SESSION_LOG (SESSION_ID,UINPUT,LAST_UPDATE) values ('KFnKiEXn51R7','13',to_timestamp('17-SEP-23 06.31.03.206000000 PM','DD-MON-RR HH.MI.SSXFF AM'));
Insert into USSD.SESSION_LOG (SESSION_ID,UINPUT,LAST_UPDATE) values ('KFnKiEXn51R7','1570016',to_timestamp('17-SEP-23 06.31.04.985000000 PM','DD-MON-RR HH.MI.SSXFF AM'));
Insert into USSD.SESSION_LOG (SESSION_ID,UINPUT,LAST_UPDATE) values ('cGKE4HwDQsMQ','3',to_timestamp('31-AUG-23 03.58.05.684000000 PM','DD-MON-RR HH.MI.SSXFF AM'));
Insert into USSD.SESSION_LOG (SESSION_ID,UINPUT,LAST_UPDATE) values ('cGKE4HwDQsMQ','3',to_timestamp('31-AUG-23 03.58.07.268000000 PM','DD-MON-RR HH.MI.SSXFF AM'));
Insert into USSD.SESSION_LOG (SESSION_ID,UINPUT,LAST_UPDATE) values ('cGKE4HwDQsMQ','2',to_timestamp('31-AUG-23 03.58.08.482000000 PM','DD-MON-RR HH.MI.SSXFF AM'));
Insert into USSD.SESSION_LOG (SESSION_ID,UINPUT,LAST_UPDATE) values ('cGKE4HwDQsMQ','01988776554',to_timestamp('31-AUG-23 03.58.12.125000000 PM','DD-MON-RR HH.MI.SSXFF AM'));
Insert into USSD.SESSION_LOG (SESSION_ID,UINPUT,LAST_UPDATE) values ('cGKE4HwDQsMQ','33',to_timestamp('31-AUG-23 03.58.14.715000000 PM','DD-MON-RR HH.MI.SSXFF AM'));
Insert into USSD.SESSION_LOG (SESSION_ID,UINPUT,LAST_UPDATE) values ('cGKE4HwDQsMQ','1570016',to_timestamp('31-AUG-23 03.58.15.748000000 PM','DD-MON-RR HH.MI.SSXFF AM'));
Insert into USSD.SESSION_LOG (SESSION_ID,UINPUT,LAST_UPDATE) values ('jZk7eSpZu8Qx','3',to_timestamp('31-AUG-23 03.59.14.894000000 PM','DD-MON-RR HH.MI.SSXFF AM'));
Insert into USSD.SESSION_LOG (SESSION_ID,UINPUT,LAST_UPDATE) values ('jZk7eSpZu8Qx','3',to_timestamp('31-AUG-23 03.59.15.687000000 PM','DD-MON-RR HH.MI.SSXFF AM'));
Insert into USSD.SESSION_LOG (SESSION_ID,UINPUT,LAST_UPDATE) values ('jZk7eSpZu8Qx','2',to_timestamp('31-AUG-23 03.59.16.195000000 PM','DD-MON-RR HH.MI.SSXFF AM'));
Insert into USSD.SESSION_LOG (SESSION_ID,UINPUT,LAST_UPDATE) values ('jZk7eSpZu8Qx','01977556443',to_timestamp('31-AUG-23 03.59.20.690000000 PM','DD-MON-RR HH.MI.SSXFF AM'));
Insert into USSD.SESSION_LOG (SESSION_ID,UINPUT,LAST_UPDATE) values ('jZk7eSpZu8Qx','3',to_timestamp('31-AUG-23 03.59.23.509000000 PM','DD-MON-RR HH.MI.SSXFF AM'));
Insert into USSD.SESSION_LOG (SESSION_ID,UINPUT,LAST_UPDATE) values ('jZk7eSpZu8Qx','1570016',to_timestamp('31-AUG-23 03.59.24.715000000 PM','DD-MON-RR HH.MI.SSXFF AM'));
Insert into USSD.SESSION_LOG (SESSION_ID,UINPUT,LAST_UPDATE) values ('STRw0bAxq3Oa','3',to_timestamp('03-SEP-23 11.25.46.672000000 AM','DD-MON-RR HH.MI.SSXFF AM'));
Insert into USSD.SESSION_LOG (SESSION_ID,UINPUT,LAST_UPDATE) values ('STRw0bAxq3Oa','2',to_timestamp('03-SEP-23 11.25.47.402000000 AM','DD-MON-RR HH.MI.SSXFF AM'));
Insert into USSD.SESSION_LOG (SESSION_ID,UINPUT,LAST_UPDATE) values ('STRw0bAxq3Oa','2',to_timestamp('03-SEP-23 11.25.48.484000000 AM','DD-MON-RR HH.MI.SSXFF AM'));
Insert into USSD.SESSION_LOG (SESSION_ID,UINPUT,LAST_UPDATE) values ('STRw0bAxq3Oa','01455667445',to_timestamp('03-SEP-23 11.25.53.107000000 AM','DD-MON-RR HH.MI.SSXFF AM'));
Insert into USSD.SESSION_LOG (SESSION_ID,UINPUT,LAST_UPDATE) values ('STRw0bAxq3Oa','3',to_timestamp('03-SEP-23 11.26.01.578000000 AM','DD-MON-RR HH.MI.SSXFF AM'));
Insert into USSD.SESSION_LOG (SESSION_ID,UINPUT,LAST_UPDATE) values ('STRw0bAxq3Oa','1570016',to_timestamp('03-SEP-23 11.26.11.994000000 AM','DD-MON-RR HH.MI.SSXFF AM'));
Insert into USSD.SESSION_LOG (SESSION_ID,UINPUT,LAST_UPDATE) values ('nLAdweOUmlpR','5',to_timestamp('12-SEP-23 05.24.05.058000000 PM','DD-MON-RR HH.MI.SSXFF AM'));
Insert into USSD.SESSION_LOG (SESSION_ID,UINPUT,LAST_UPDATE) values ('nLAdweOUmlpR','n',to_timestamp('12-SEP-23 05.24.10.304000000 PM','DD-MON-RR HH.MI.SSXFF AM'));
Insert into USSD.SESSION_LOG (SESSION_ID,UINPUT,LAST_UPDATE) values ('nLAdweOUmlpR','p',to_timestamp('12-SEP-23 05.24.13.323000000 PM','DD-MON-RR HH.MI.SSXFF AM'));
Insert into USSD.SESSION_LOG (SESSION_ID,UINPUT,LAST_UPDATE) values ('nLAdweOUmlpR','1',to_timestamp('12-SEP-23 05.24.23.102000000 PM','DD-MON-RR HH.MI.SSXFF AM'));
Insert into USSD.SESSION_LOG (SESSION_ID,UINPUT,LAST_UPDATE) values ('VuY7nAeN5ePT','5',to_timestamp('12-SEP-23 05.37.36.053000000 PM','DD-MON-RR HH.MI.SSXFF AM'));
Insert into USSD.SESSION_LOG (SESSION_ID,UINPUT,LAST_UPDATE) values ('VuY7nAeN5ePT','n',to_timestamp('12-SEP-23 05.37.38.722000000 PM','DD-MON-RR HH.MI.SSXFF AM'));
Insert into USSD.SESSION_LOG (SESSION_ID,UINPUT,LAST_UPDATE) values ('VuY7nAeN5ePT','n',to_timestamp('12-SEP-23 05.37.40.195000000 PM','DD-MON-RR HH.MI.SSXFF AM'));
Insert into USSD.SESSION_LOG (SESSION_ID,UINPUT,LAST_UPDATE) values ('VuY7nAeN5ePT','p',to_timestamp('12-SEP-23 05.37.42.318000000 PM','DD-MON-RR HH.MI.SSXFF AM'));
Insert into USSD.SESSION_LOG (SESSION_ID,UINPUT,LAST_UPDATE) values ('VuY7nAeN5ePT','p',to_timestamp('12-SEP-23 05.37.43.037000000 PM','DD-MON-RR HH.MI.SSXFF AM'));
Insert into USSD.SESSION_LOG (SESSION_ID,UINPUT,LAST_UPDATE) values ('VuY7nAeN5ePT','2',to_timestamp('12-SEP-23 05.37.47.834000000 PM','DD-MON-RR HH.MI.SSXFF AM'));
Insert into USSD.SESSION_LOG (SESSION_ID,UINPUT,LAST_UPDATE) values ('VuY7nAeN5ePT','20',to_timestamp('12-SEP-23 05.38.01.717000000 PM','DD-MON-RR HH.MI.SSXFF AM'));
Insert into USSD.SESSION_LOG (SESSION_ID,UINPUT,LAST_UPDATE) values ('VuY7nAeN5ePT','1570016',to_timestamp('12-SEP-23 05.38.04.488000000 PM','DD-MON-RR HH.MI.SSXFF AM'));
Insert into USSD.SESSION_LOG (SESSION_ID,UINPUT,LAST_UPDATE) values ('U0l5WtslMKtw','5',to_timestamp('12-SEP-23 05.38.49.520000000 PM','DD-MON-RR HH.MI.SSXFF AM'));
Insert into USSD.SESSION_LOG (SESSION_ID,UINPUT,LAST_UPDATE) values ('U0l5WtslMKtw','n',to_timestamp('12-SEP-23 05.38.51.325000000 PM','DD-MON-RR HH.MI.SSXFF AM'));
Insert into USSD.SESSION_LOG (SESSION_ID,UINPUT,LAST_UPDATE) values ('U0l5WtslMKtw','n',to_timestamp('12-SEP-23 05.38.51.981000000 PM','DD-MON-RR HH.MI.SSXFF AM'));
Insert into USSD.SESSION_LOG (SESSION_ID,UINPUT,LAST_UPDATE) values ('U0l5WtslMKtw','n',to_timestamp('12-SEP-23 05.38.52.652000000 PM','DD-MON-RR HH.MI.SSXFF AM'));
Insert into USSD.SESSION_LOG (SESSION_ID,UINPUT,LAST_UPDATE) values ('U0l5WtslMKtw','p',to_timestamp('12-SEP-23 05.38.53.959000000 PM','DD-MON-RR HH.MI.SSXFF AM'));
Insert into USSD.SESSION_LOG (SESSION_ID,UINPUT,LAST_UPDATE) values ('U0l5WtslMKtw','p',to_timestamp('12-SEP-23 05.38.54.534000000 PM','DD-MON-RR HH.MI.SSXFF AM'));
Insert into USSD.SESSION_LOG (SESSION_ID,UINPUT,LAST_UPDATE) values ('U0l5WtslMKtw','2',to_timestamp('12-SEP-23 05.38.58.505000000 PM','DD-MON-RR HH.MI.SSXFF AM'));
Insert into USSD.SESSION_LOG (SESSION_ID,UINPUT,LAST_UPDATE) values ('U0l5WtslMKtw','3344',to_timestamp('12-SEP-23 05.39.02.709000000 PM','DD-MON-RR HH.MI.SSXFF AM'));
Insert into USSD.SESSION_LOG (SESSION_ID,UINPUT,LAST_UPDATE) values ('sxQeILjeUjEk','5',to_timestamp('12-SEP-23 05.39.08.918000000 PM','DD-MON-RR HH.MI.SSXFF AM'));
Insert into USSD.SESSION_LOG (SESSION_ID,UINPUT,LAST_UPDATE) values ('sxQeILjeUjEk','n',to_timestamp('12-SEP-23 05.39.11.455000000 PM','DD-MON-RR HH.MI.SSXFF AM'));
Insert into USSD.SESSION_LOG (SESSION_ID,UINPUT,LAST_UPDATE) values ('sxQeILjeUjEk','n',to_timestamp('12-SEP-23 05.39.11.986000000 PM','DD-MON-RR HH.MI.SSXFF AM'));
Insert into USSD.SESSION_LOG (SESSION_ID,UINPUT,LAST_UPDATE) values ('sxQeILjeUjEk','n',to_timestamp('12-SEP-23 05.39.12.620000000 PM','DD-MON-RR HH.MI.SSXFF AM'));
Insert into USSD.SESSION_LOG (SESSION_ID,UINPUT,LAST_UPDATE) values ('sxQeILjeUjEk','p',to_timestamp('12-SEP-23 05.39.13.928000000 PM','DD-MON-RR HH.MI.SSXFF AM'));
Insert into USSD.SESSION_LOG (SESSION_ID,UINPUT,LAST_UPDATE) values ('sxQeILjeUjEk','p',to_timestamp('12-SEP-23 05.39.14.359000000 PM','DD-MON-RR HH.MI.SSXFF AM'));
Insert into USSD.SESSION_LOG (SESSION_ID,UINPUT,LAST_UPDATE) values ('sxQeILjeUjEk','p',to_timestamp('12-SEP-23 05.39.14.898000000 PM','DD-MON-RR HH.MI.SSXFF AM'));
Insert into USSD.SESSION_LOG (SESSION_ID,UINPUT,LAST_UPDATE) values ('sxQeILjeUjEk','2',to_timestamp('12-SEP-23 05.39.18.173000000 PM','DD-MON-RR HH.MI.SSXFF AM'));
Insert into USSD.SESSION_LOG (SESSION_ID,UINPUT,LAST_UPDATE) values ('sxQeILjeUjEk','20',to_timestamp('12-SEP-23 05.39.21.755000000 PM','DD-MON-RR HH.MI.SSXFF AM'));
Insert into USSD.SESSION_LOG (SESSION_ID,UINPUT,LAST_UPDATE) values ('sxQeILjeUjEk','1570016',to_timestamp('12-SEP-23 05.39.24.173000000 PM','DD-MON-RR HH.MI.SSXFF AM'));
Insert into USSD.SESSION_LOG (SESSION_ID,UINPUT,LAST_UPDATE) values ('3ZTqWc7geeAA','7',to_timestamp('12-SEP-23 05.39.49.474000000 PM','DD-MON-RR HH.MI.SSXFF AM'));
Insert into USSD.SESSION_LOG (SESSION_ID,UINPUT,LAST_UPDATE) values ('3ZTqWc7geeAA','2',to_timestamp('12-SEP-23 05.39.53.010000000 PM','DD-MON-RR HH.MI.SSXFF AM'));
Insert into USSD.SESSION_LOG (SESSION_ID,UINPUT,LAST_UPDATE) values ('3ZTqWc7geeAA','1570016',to_timestamp('12-SEP-23 05.39.55.510000000 PM','DD-MON-RR HH.MI.SSXFF AM'));
Insert into USSD.SESSION_LOG (SESSION_ID,UINPUT,LAST_UPDATE) values ('mJCEebMJd2ZN','5',to_timestamp('12-SEP-23 05.41.21.399000000 PM','DD-MON-RR HH.MI.SSXFF AM'));
Insert into USSD.SESSION_LOG (SESSION_ID,UINPUT,LAST_UPDATE) values ('mJCEebMJd2ZN','n',to_timestamp('12-SEP-23 05.41.25.777000000 PM','DD-MON-RR HH.MI.SSXFF AM'));
Insert into USSD.SESSION_LOG (SESSION_ID,UINPUT,LAST_UPDATE) values ('mJCEebMJd2ZN','n',to_timestamp('12-SEP-23 05.41.26.923000000 PM','DD-MON-RR HH.MI.SSXFF AM'));
Insert into USSD.SESSION_LOG (SESSION_ID,UINPUT,LAST_UPDATE) values ('mJCEebMJd2ZN','n',to_timestamp('12-SEP-23 05.41.27.933000000 PM','DD-MON-RR HH.MI.SSXFF AM'));
Insert into USSD.SESSION_LOG (SESSION_ID,UINPUT,LAST_UPDATE) values ('mJCEebMJd2ZN','p',to_timestamp('12-SEP-23 05.41.30.023000000 PM','DD-MON-RR HH.MI.SSXFF AM'));
Insert into USSD.SESSION_LOG (SESSION_ID,UINPUT,LAST_UPDATE) values ('mJCEebMJd2ZN','p',to_timestamp('12-SEP-23 05.41.31.108000000 PM','DD-MON-RR HH.MI.SSXFF AM'));
Insert into USSD.SESSION_LOG (SESSION_ID,UINPUT,LAST_UPDATE) values ('mJCEebMJd2ZN','p',to_timestamp('12-SEP-23 05.41.32.120000000 PM','DD-MON-RR HH.MI.SSXFF AM'));
Insert into USSD.SESSION_LOG (SESSION_ID,UINPUT,LAST_UPDATE) values ('4gelTtvmVOJZ','5',to_timestamp('13-SEP-23 06.45.47.009000000 PM','DD-MON-RR HH.MI.SSXFF AM'));
Insert into USSD.SESSION_LOG (SESSION_ID,UINPUT,LAST_UPDATE) values ('4gelTtvmVOJZ','n',to_timestamp('13-SEP-23 06.45.49.336000000 PM','DD-MON-RR HH.MI.SSXFF AM'));
Insert into USSD.SESSION_LOG (SESSION_ID,UINPUT,LAST_UPDATE) values ('4gelTtvmVOJZ','n',to_timestamp('13-SEP-23 06.45.50.010000000 PM','DD-MON-RR HH.MI.SSXFF AM'));
Insert into USSD.SESSION_LOG (SESSION_ID,UINPUT,LAST_UPDATE) values ('4gelTtvmVOJZ','n',to_timestamp('13-SEP-23 06.45.51.496000000 PM','DD-MON-RR HH.MI.SSXFF AM'));
Insert into USSD.SESSION_LOG (SESSION_ID,UINPUT,LAST_UPDATE) values ('4gelTtvmVOJZ','n',to_timestamp('13-SEP-23 06.45.52.695000000 PM','DD-MON-RR HH.MI.SSXFF AM'));
Insert into USSD.SESSION_LOG (SESSION_ID,UINPUT,LAST_UPDATE) values ('4gelTtvmVOJZ','n',to_timestamp('13-SEP-23 06.45.53.633000000 PM','DD-MON-RR HH.MI.SSXFF AM'));
Insert into USSD.SESSION_LOG (SESSION_ID,UINPUT,LAST_UPDATE) values ('4gelTtvmVOJZ','n',to_timestamp('13-SEP-23 06.45.54.387000000 PM','DD-MON-RR HH.MI.SSXFF AM'));
Insert into USSD.SESSION_LOG (SESSION_ID,UINPUT,LAST_UPDATE) values ('4gelTtvmVOJZ','n',to_timestamp('13-SEP-23 06.45.55.723000000 PM','DD-MON-RR HH.MI.SSXFF AM'));
Insert into USSD.SESSION_LOG (SESSION_ID,UINPUT,LAST_UPDATE) values ('l7mRSG41kI4o','5',to_timestamp('12-SEP-23 05.18.36.341000000 PM','DD-MON-RR HH.MI.SSXFF AM'));
Insert into USSD.SESSION_LOG (SESSION_ID,UINPUT,LAST_UPDATE) values ('l7mRSG41kI4o','n',to_timestamp('12-SEP-23 05.18.41.205000000 PM','DD-MON-RR HH.MI.SSXFF AM'));
Insert into USSD.SESSION_LOG (SESSION_ID,UINPUT,LAST_UPDATE) values ('l7mRSG41kI4o','p',to_timestamp('12-SEP-23 05.18.45.599000000 PM','DD-MON-RR HH.MI.SSXFF AM'));
Insert into USSD.SESSION_LOG (SESSION_ID,UINPUT,LAST_UPDATE) values ('l7mRSG41kI4o','p',to_timestamp('12-SEP-23 05.18.55.575000000 PM','DD-MON-RR HH.MI.SSXFF AM'));
Insert into USSD.SESSION_LOG (SESSION_ID,UINPUT,LAST_UPDATE) values ('l7mRSG41kI4o','n',to_timestamp('12-SEP-23 05.18.59.413000000 PM','DD-MON-RR HH.MI.SSXFF AM'));
Insert into USSD.SESSION_LOG (SESSION_ID,UINPUT,LAST_UPDATE) values ('l7mRSG41kI4o','n',to_timestamp('12-SEP-23 05.19.02.203000000 PM','DD-MON-RR HH.MI.SSXFF AM'));
Insert into USSD.SESSION_LOG (SESSION_ID,UINPUT,LAST_UPDATE) values ('l7mRSG41kI4o','p',to_timestamp('12-SEP-23 05.19.04.754000000 PM','DD-MON-RR HH.MI.SSXFF AM'));
Insert into USSD.SESSION_LOG (SESSION_ID,UINPUT,LAST_UPDATE) values ('l7mRSG41kI4o','5',to_timestamp('12-SEP-23 05.19.08.694000000 PM','DD-MON-RR HH.MI.SSXFF AM'));
Insert into USSD.SESSION_LOG (SESSION_ID,UINPUT,LAST_UPDATE) values ('OWHmS49yVROL','3',to_timestamp('23-AUG-23 05.59.37.754000000 PM','DD-MON-RR HH.MI.SSXFF AM'));
Insert into USSD.SESSION_LOG (SESSION_ID,UINPUT,LAST_UPDATE) values ('OWHmS49yVROL','1',to_timestamp('23-AUG-23 05.59.39.904000000 PM','DD-MON-RR HH.MI.SSXFF AM'));
Insert into USSD.SESSION_LOG (SESSION_ID,UINPUT,LAST_UPDATE) values ('OWHmS49yVROL','01988776554',to_timestamp('23-AUG-23 05.59.44.755000000 PM','DD-MON-RR HH.MI.SSXFF AM'));
Insert into USSD.SESSION_LOG (SESSION_ID,UINPUT,LAST_UPDATE) values ('OWHmS49yVROL','13',to_timestamp('23-AUG-23 05.59.54.796000000 PM','DD-MON-RR HH.MI.SSXFF AM'));
Insert into USSD.SESSION_LOG (SESSION_ID,UINPUT,LAST_UPDATE) values ('OWHmS49yVROL','1570016',to_timestamp('23-AUG-23 05.59.58.426000000 PM','DD-MON-RR HH.MI.SSXFF AM'));
Insert into USSD.SESSION_LOG (SESSION_ID,UINPUT,LAST_UPDATE) values ('icSUMzJzF5be','3',to_timestamp('23-AUG-23 06.00.52.995000000 PM','DD-MON-RR HH.MI.SSXFF AM'));
Insert into USSD.SESSION_LOG (SESSION_ID,UINPUT,LAST_UPDATE) values ('icSUMzJzF5be','5',to_timestamp('23-AUG-23 06.00.55.564000000 PM','DD-MON-RR HH.MI.SSXFF AM'));
Insert into USSD.SESSION_LOG (SESSION_ID,UINPUT,LAST_UPDATE) values ('icSUMzJzF5be','2',to_timestamp('23-AUG-23 06.00.59.135000000 PM','DD-MON-RR HH.MI.SSXFF AM'));
Insert into USSD.SESSION_LOG (SESSION_ID,UINPUT,LAST_UPDATE) values ('icSUMzJzF5be','01988776554',to_timestamp('23-AUG-23 06.01.03.440000000 PM','DD-MON-RR HH.MI.SSXFF AM'));
Insert into USSD.SESSION_LOG (SESSION_ID,UINPUT,LAST_UPDATE) values ('icSUMzJzF5be','3344',to_timestamp('23-AUG-23 06.01.07.601000000 PM','DD-MON-RR HH.MI.SSXFF AM'));
Insert into USSD.SESSION_LOG (SESSION_ID,UINPUT,LAST_UPDATE) values ('icSUMzJzF5be','1570016',to_timestamp('23-AUG-23 06.01.09.622000000 PM','DD-MON-RR HH.MI.SSXFF AM'));
Insert into USSD.SESSION_LOG (SESSION_ID,UINPUT,LAST_UPDATE) values ('VfCEA7u3c8Ar','3',to_timestamp('23-AUG-23 06.01.13.045000000 PM','DD-MON-RR HH.MI.SSXFF AM'));
Insert into USSD.SESSION_LOG (SESSION_ID,UINPUT,LAST_UPDATE) values ('VfCEA7u3c8Ar','3',to_timestamp('23-AUG-23 06.01.14.530000000 PM','DD-MON-RR HH.MI.SSXFF AM'));
Insert into USSD.SESSION_LOG (SESSION_ID,UINPUT,LAST_UPDATE) values ('VfCEA7u3c8Ar','2',to_timestamp('23-AUG-23 06.01.16.940000000 PM','DD-MON-RR HH.MI.SSXFF AM'));
Insert into USSD.SESSION_LOG (SESSION_ID,UINPUT,LAST_UPDATE) values ('VfCEA7u3c8Ar','01988776554',to_timestamp('23-AUG-23 06.01.21.117000000 PM','DD-MON-RR HH.MI.SSXFF AM'));
Insert into USSD.SESSION_LOG (SESSION_ID,UINPUT,LAST_UPDATE) values ('VfCEA7u3c8Ar','13',to_timestamp('23-AUG-23 06.01.23.659000000 PM','DD-MON-RR HH.MI.SSXFF AM'));
Insert into USSD.SESSION_LOG (SESSION_ID,UINPUT,LAST_UPDATE) values ('VfCEA7u3c8Ar','1570016',to_timestamp('23-AUG-23 06.01.27.744000000 PM','DD-MON-RR HH.MI.SSXFF AM'));
Insert into USSD.SESSION_LOG (SESSION_ID,UINPUT,LAST_UPDATE) values ('e0N0FPdMTIb9','3',to_timestamp('23-AUG-23 06.03.31.172000000 PM','DD-MON-RR HH.MI.SSXFF AM'));
Insert into USSD.SESSION_LOG (SESSION_ID,UINPUT,LAST_UPDATE) values ('e0N0FPdMTIb9','3',to_timestamp('23-AUG-23 06.03.32.324000000 PM','DD-MON-RR HH.MI.SSXFF AM'));
Insert into USSD.SESSION_LOG (SESSION_ID,UINPUT,LAST_UPDATE) values ('e0N0FPdMTIb9','2',to_timestamp('23-AUG-23 06.03.33.293000000 PM','DD-MON-RR HH.MI.SSXFF AM'));
Insert into USSD.SESSION_LOG (SESSION_ID,UINPUT,LAST_UPDATE) values ('e0N0FPdMTIb9','01988776554',to_timestamp('23-AUG-23 06.03.37.476000000 PM','DD-MON-RR HH.MI.SSXFF AM'));
Insert into USSD.SESSION_LOG (SESSION_ID,UINPUT,LAST_UPDATE) values ('e0N0FPdMTIb9','13',to_timestamp('23-AUG-23 06.03.40.997000000 PM','DD-MON-RR HH.MI.SSXFF AM'));
Insert into USSD.SESSION_LOG (SESSION_ID,UINPUT,LAST_UPDATE) values ('e0N0FPdMTIb9','1570016',to_timestamp('23-AUG-23 06.03.43.195000000 PM','DD-MON-RR HH.MI.SSXFF AM'));
Insert into USSD.SESSION_LOG (SESSION_ID,UINPUT,LAST_UPDATE) values ('wdRquwjRRtYS','3',to_timestamp('23-AUG-23 06.04.45.682000000 PM','DD-MON-RR HH.MI.SSXFF AM'));
Insert into USSD.SESSION_LOG (SESSION_ID,UINPUT,LAST_UPDATE) values ('wdRquwjRRtYS','3',to_timestamp('23-AUG-23 06.04.46.404000000 PM','DD-MON-RR HH.MI.SSXFF AM'));
Insert into USSD.SESSION_LOG (SESSION_ID,UINPUT,LAST_UPDATE) values ('wdRquwjRRtYS','2',to_timestamp('23-AUG-23 06.04.48.835000000 PM','DD-MON-RR HH.MI.SSXFF AM'));
Insert into USSD.SESSION_LOG (SESSION_ID,UINPUT,LAST_UPDATE) values ('wdRquwjRRtYS','01988776554',to_timestamp('23-AUG-23 06.04.52.824000000 PM','DD-MON-RR HH.MI.SSXFF AM'));
Insert into USSD.SESSION_LOG (SESSION_ID,UINPUT,LAST_UPDATE) values ('wdRquwjRRtYS','13',to_timestamp('23-AUG-23 06.04.57.014000000 PM','DD-MON-RR HH.MI.SSXFF AM'));
Insert into USSD.SESSION_LOG (SESSION_ID,UINPUT,LAST_UPDATE) values ('wdRquwjRRtYS','1570016',to_timestamp('23-AUG-23 06.05.00.134000000 PM','DD-MON-RR HH.MI.SSXFF AM'));
Insert into USSD.SESSION_LOG (SESSION_ID,UINPUT,LAST_UPDATE) values ('wC7Vwsonxh2i','3',to_timestamp('23-AUG-23 06.07.16.259000000 PM','DD-MON-RR HH.MI.SSXFF AM'));
Insert into USSD.SESSION_LOG (SESSION_ID,UINPUT,LAST_UPDATE) values ('wC7Vwsonxh2i','3',to_timestamp('23-AUG-23 06.07.16.769000000 PM','DD-MON-RR HH.MI.SSXFF AM'));
Insert into USSD.SESSION_LOG (SESSION_ID,UINPUT,LAST_UPDATE) values ('wC7Vwsonxh2i','2',to_timestamp('23-AUG-23 06.07.17.776000000 PM','DD-MON-RR HH.MI.SSXFF AM'));
Insert into USSD.SESSION_LOG (SESSION_ID,UINPUT,LAST_UPDATE) values ('wC7Vwsonxh2i','01988776556',to_timestamp('23-AUG-23 06.07.22.002000000 PM','DD-MON-RR HH.MI.SSXFF AM'));
Insert into USSD.SESSION_LOG (SESSION_ID,UINPUT,LAST_UPDATE) values ('wC7Vwsonxh2i','13',to_timestamp('23-AUG-23 06.07.25.873000000 PM','DD-MON-RR HH.MI.SSXFF AM'));
Insert into USSD.SESSION_LOG (SESSION_ID,UINPUT,LAST_UPDATE) values ('wC7Vwsonxh2i','1570016',to_timestamp('23-AUG-23 06.07.29.409000000 PM','DD-MON-RR HH.MI.SSXFF AM'));
Insert into USSD.SESSION_LOG (SESSION_ID,UINPUT,LAST_UPDATE) values ('Wf7oKK6kp8dj','7',to_timestamp('23-AUG-23 06.07.48.130000000 PM','DD-MON-RR HH.MI.SSXFF AM'));
Insert into USSD.SESSION_LOG (SESSION_ID,UINPUT,LAST_UPDATE) values ('Wf7oKK6kp8dj','2',to_timestamp('23-AUG-23 06.07.49.049000000 PM','DD-MON-RR HH.MI.SSXFF AM'));
Insert into USSD.SESSION_LOG (SESSION_ID,UINPUT,LAST_UPDATE) values ('Wf7oKK6kp8dj','1570016',to_timestamp('23-AUG-23 06.07.51.395000000 PM','DD-MON-RR HH.MI.SSXFF AM'));
Insert into USSD.SESSION_LOG (SESSION_ID,UINPUT,LAST_UPDATE) values ('ZlNoRZfCel8S','7',to_timestamp('23-AUG-23 06.08.00.445000000 PM','DD-MON-RR HH.MI.SSXFF AM'));
Insert into USSD.SESSION_LOG (SESSION_ID,UINPUT,LAST_UPDATE) values ('ZlNoRZfCel8S','1',to_timestamp('23-AUG-23 06.08.01.758000000 PM','DD-MON-RR HH.MI.SSXFF AM'));
Insert into USSD.SESSION_LOG (SESSION_ID,UINPUT,LAST_UPDATE) values ('ZlNoRZfCel8S','1570016',to_timestamp('23-AUG-23 06.08.04.393000000 PM','DD-MON-RR HH.MI.SSXFF AM'));
Insert into USSD.SESSION_LOG (SESSION_ID,UINPUT,LAST_UPDATE) values ('HpTGmm6u4VXn','3',to_timestamp('23-AUG-23 06.40.35.365000000 PM','DD-MON-RR HH.MI.SSXFF AM'));
Insert into USSD.SESSION_LOG (SESSION_ID,UINPUT,LAST_UPDATE) values ('HpTGmm6u4VXn','4',to_timestamp('23-AUG-23 06.40.39.280000000 PM','DD-MON-RR HH.MI.SSXFF AM'));
Insert into USSD.SESSION_LOG (SESSION_ID,UINPUT,LAST_UPDATE) values ('HpTGmm6u4VXn','2',to_timestamp('23-AUG-23 06.40.42.222000000 PM','DD-MON-RR HH.MI.SSXFF AM'));
Insert into USSD.SESSION_LOG (SESSION_ID,UINPUT,LAST_UPDATE) values ('HpTGmm6u4VXn','01189999999',to_timestamp('23-AUG-23 06.40.48.524000000 PM','DD-MON-RR HH.MI.SSXFF AM'));
Insert into USSD.SESSION_LOG (SESSION_ID,UINPUT,LAST_UPDATE) values ('XF0SFR891IT3','3',to_timestamp('23-AUG-23 06.41.21.583000000 PM','DD-MON-RR HH.MI.SSXFF AM'));
Insert into USSD.SESSION_LOG (SESSION_ID,UINPUT,LAST_UPDATE) values ('XF0SFR891IT3','4',to_timestamp('23-AUG-23 06.41.23.196000000 PM','DD-MON-RR HH.MI.SSXFF AM'));
Insert into USSD.SESSION_LOG (SESSION_ID,UINPUT,LAST_UPDATE) values ('XF0SFR891IT3','2',to_timestamp('23-AUG-23 06.41.24.950000000 PM','DD-MON-RR HH.MI.SSXFF AM'));
Insert into USSD.SESSION_LOG (SESSION_ID,UINPUT,LAST_UPDATE) values ('XF0SFR891IT3','01899999999',to_timestamp('23-AUG-23 06.41.30.112000000 PM','DD-MON-RR HH.MI.SSXFF AM'));
Insert into USSD.SESSION_LOG (SESSION_ID,UINPUT,LAST_UPDATE) values ('XF0SFR891IT3','13',to_timestamp('23-AUG-23 06.41.35.940000000 PM','DD-MON-RR HH.MI.SSXFF AM'));
Insert into USSD.SESSION_LOG (SESSION_ID,UINPUT,LAST_UPDATE) values ('cbFiXITEuDqh','3',to_timestamp('24-AUG-23 10.32.09.387000000 AM','DD-MON-RR HH.MI.SSXFF AM'));
Insert into USSD.SESSION_LOG (SESSION_ID,UINPUT,LAST_UPDATE) values ('cbFiXITEuDqh','4',to_timestamp('24-AUG-23 10.32.10.517000000 AM','DD-MON-RR HH.MI.SSXFF AM'));
Insert into USSD.SESSION_LOG (SESSION_ID,UINPUT,LAST_UPDATE) values ('cbFiXITEuDqh','2',to_timestamp('24-AUG-23 10.32.11.528000000 AM','DD-MON-RR HH.MI.SSXFF AM'));
Insert into USSD.SESSION_LOG (SESSION_ID,UINPUT,LAST_UPDATE) values ('cbFiXITEuDqh','01988776554',to_timestamp('24-AUG-23 10.32.16.403000000 AM','DD-MON-RR HH.MI.SSXFF AM'));
Insert into USSD.SESSION_LOG (SESSION_ID,UINPUT,LAST_UPDATE) values ('cbFiXITEuDqh','33',to_timestamp('24-AUG-23 10.32.20.862000000 AM','DD-MON-RR HH.MI.SSXFF AM'));
Insert into USSD.SESSION_LOG (SESSION_ID,UINPUT,LAST_UPDATE) values ('cbFiXITEuDqh','1570016',to_timestamp('24-AUG-23 10.32.21.873000000 AM','DD-MON-RR HH.MI.SSXFF AM'));
Insert into USSD.SESSION_LOG (SESSION_ID,UINPUT,LAST_UPDATE) values ('m8IMycFp0pH9','3',to_timestamp('24-AUG-23 10.39.10.041000000 AM','DD-MON-RR HH.MI.SSXFF AM'));
Insert into USSD.SESSION_LOG (SESSION_ID,UINPUT,LAST_UPDATE) values ('m8IMycFp0pH9','4',to_timestamp('24-AUG-23 10.39.11.307000000 AM','DD-MON-RR HH.MI.SSXFF AM'));
Insert into USSD.SESSION_LOG (SESSION_ID,UINPUT,LAST_UPDATE) values ('m8IMycFp0pH9','2',to_timestamp('24-AUG-23 10.39.12.619000000 AM','DD-MON-RR HH.MI.SSXFF AM'));
Insert into USSD.SESSION_LOG (SESSION_ID,UINPUT,LAST_UPDATE) values ('m8IMycFp0pH9','01988776554',to_timestamp('24-AUG-23 10.39.16.814000000 AM','DD-MON-RR HH.MI.SSXFF AM'));
Insert into USSD.SESSION_LOG (SESSION_ID,UINPUT,LAST_UPDATE) values ('m8IMycFp0pH9','33',to_timestamp('24-AUG-23 10.39.19.551000000 AM','DD-MON-RR HH.MI.SSXFF AM'));
Insert into USSD.SESSION_LOG (SESSION_ID,UINPUT,LAST_UPDATE) values ('m8IMycFp0pH9','1570016',to_timestamp('24-AUG-23 10.39.20.645000000 AM','DD-MON-RR HH.MI.SSXFF AM'));
Insert into USSD.SESSION_LOG (SESSION_ID,UINPUT,LAST_UPDATE) values ('91xINctb2YAf','3',to_timestamp('24-AUG-23 10.41.13.532000000 AM','DD-MON-RR HH.MI.SSXFF AM'));
Insert into USSD.SESSION_LOG (SESSION_ID,UINPUT,LAST_UPDATE) values ('91xINctb2YAf','4',to_timestamp('24-AUG-23 10.41.14.590000000 AM','DD-MON-RR HH.MI.SSXFF AM'));
Insert into USSD.SESSION_LOG (SESSION_ID,UINPUT,LAST_UPDATE) values ('91xINctb2YAf','2',to_timestamp('24-AUG-23 10.41.16.160000000 AM','DD-MON-RR HH.MI.SSXFF AM'));
Insert into USSD.SESSION_LOG (SESSION_ID,UINPUT,LAST_UPDATE) values ('91xINctb2YAf','01988776554',to_timestamp('24-AUG-23 10.41.19.723000000 AM','DD-MON-RR HH.MI.SSXFF AM'));
Insert into USSD.SESSION_LOG (SESSION_ID,UINPUT,LAST_UPDATE) values ('91xINctb2YAf','33',to_timestamp('24-AUG-23 10.41.25.205000000 AM','DD-MON-RR HH.MI.SSXFF AM'));
Insert into USSD.SESSION_LOG (SESSION_ID,UINPUT,LAST_UPDATE) values ('8SiRCoJHuoDw','3',to_timestamp('24-AUG-23 03.33.37.296000000 PM','DD-MON-RR HH.MI.SSXFF AM'));
Insert into USSD.SESSION_LOG (SESSION_ID,UINPUT,LAST_UPDATE) values ('8SiRCoJHuoDw','2',to_timestamp('24-AUG-23 03.33.41.626000000 PM','DD-MON-RR HH.MI.SSXFF AM'));
Insert into USSD.SESSION_LOG (SESSION_ID,UINPUT,LAST_UPDATE) values ('8SiRCoJHuoDw','2',to_timestamp('24-AUG-23 03.33.41.158000000 PM','DD-MON-RR HH.MI.SSXFF AM'));
Insert into USSD.SESSION_LOG (SESSION_ID,UINPUT,LAST_UPDATE) values ('8SiRCoJHuoDw','01988776554',to_timestamp('24-AUG-23 03.33.44.898000000 PM','DD-MON-RR HH.MI.SSXFF AM'));
Insert into USSD.SESSION_LOG (SESSION_ID,UINPUT,LAST_UPDATE) values ('8SiRCoJHuoDw','20',to_timestamp('24-AUG-23 03.33.49.159000000 PM','DD-MON-RR HH.MI.SSXFF AM'));
Insert into USSD.SESSION_LOG (SESSION_ID,UINPUT,LAST_UPDATE) values ('8SiRCoJHuoDw','1570016',to_timestamp('24-AUG-23 03.33.50.745000000 PM','DD-MON-RR HH.MI.SSXFF AM'));
Insert into USSD.SESSION_LOG (SESSION_ID,UINPUT,LAST_UPDATE) values ('1TOUByX1Gy4E','3',to_timestamp('24-AUG-23 06.19.30.572000000 PM','DD-MON-RR HH.MI.SSXFF AM'));
Insert into USSD.SESSION_LOG (SESSION_ID,UINPUT,LAST_UPDATE) values ('1TOUByX1Gy4E','2',to_timestamp('24-AUG-23 06.19.32.996000000 PM','DD-MON-RR HH.MI.SSXFF AM'));
Insert into USSD.SESSION_LOG (SESSION_ID,UINPUT,LAST_UPDATE) values ('1TOUByX1Gy4E','2',to_timestamp('24-AUG-23 06.19.33.841000000 PM','DD-MON-RR HH.MI.SSXFF AM'));
Insert into USSD.SESSION_LOG (SESSION_ID,UINPUT,LAST_UPDATE) values ('1TOUByX1Gy4E','01988776554',to_timestamp('24-AUG-23 06.19.37.371000000 PM','DD-MON-RR HH.MI.SSXFF AM'));
Insert into USSD.SESSION_LOG (SESSION_ID,UINPUT,LAST_UPDATE) values ('1TOUByX1Gy4E','33',to_timestamp('24-AUG-23 06.19.40.592000000 PM','DD-MON-RR HH.MI.SSXFF AM'));
Insert into USSD.SESSION_LOG (SESSION_ID,UINPUT,LAST_UPDATE) values ('1TOUByX1Gy4E','1570016',to_timestamp('24-AUG-23 06.19.41.615000000 PM','DD-MON-RR HH.MI.SSXFF AM'));
Insert into USSD.SESSION_LOG (SESSION_ID,UINPUT,LAST_UPDATE) values ('La15ohQCbNmQ','3',to_timestamp('24-AUG-23 06.31.11.061000000 PM','DD-MON-RR HH.MI.SSXFF AM'));
Insert into USSD.SESSION_LOG (SESSION_ID,UINPUT,LAST_UPDATE) values ('La15ohQCbNmQ','2',to_timestamp('24-AUG-23 06.31.12.202000000 PM','DD-MON-RR HH.MI.SSXFF AM'));
Insert into USSD.SESSION_LOG (SESSION_ID,UINPUT,LAST_UPDATE) values ('La15ohQCbNmQ','2',to_timestamp('24-AUG-23 06.31.12.747000000 PM','DD-MON-RR HH.MI.SSXFF AM'));
Insert into USSD.SESSION_LOG (SESSION_ID,UINPUT,LAST_UPDATE) values ('La15ohQCbNmQ','01988776554',to_timestamp('24-AUG-23 06.31.16.074000000 PM','DD-MON-RR HH.MI.SSXFF AM'));
Insert into USSD.SESSION_LOG (SESSION_ID,UINPUT,LAST_UPDATE) values ('La15ohQCbNmQ','33',to_timestamp('24-AUG-23 06.31.18.329000000 PM','DD-MON-RR HH.MI.SSXFF AM'));
Insert into USSD.SESSION_LOG (SESSION_ID,UINPUT,LAST_UPDATE) values ('La15ohQCbNmQ','1570016',to_timestamp('24-AUG-23 06.31.19.019000000 PM','DD-MON-RR HH.MI.SSXFF AM'));
Insert into USSD.SESSION_LOG (SESSION_ID,UINPUT,LAST_UPDATE) values ('ypV8RkP5sf9z','3',to_timestamp('27-AUG-23 10.42.32.953000000 AM','DD-MON-RR HH.MI.SSXFF AM'));
Insert into USSD.SESSION_LOG (SESSION_ID,UINPUT,LAST_UPDATE) values ('ypV8RkP5sf9z','2',to_timestamp('27-AUG-23 10.42.34.747000000 AM','DD-MON-RR HH.MI.SSXFF AM'));
Insert into USSD.SESSION_LOG (SESSION_ID,UINPUT,LAST_UPDATE) values ('ypV8RkP5sf9z','2',to_timestamp('27-AUG-23 10.42.35.264000000 AM','DD-MON-RR HH.MI.SSXFF AM'));
Insert into USSD.SESSION_LOG (SESSION_ID,UINPUT,LAST_UPDATE) values ('ypV8RkP5sf9z','01988776554',to_timestamp('27-AUG-23 10.42.39.377000000 AM','DD-MON-RR HH.MI.SSXFF AM'));
Insert into USSD.SESSION_LOG (SESSION_ID,UINPUT,LAST_UPDATE) values ('ypV8RkP5sf9z','3',to_timestamp('27-AUG-23 10.42.42.224000000 AM','DD-MON-RR HH.MI.SSXFF AM'));
Insert into USSD.SESSION_LOG (SESSION_ID,UINPUT,LAST_UPDATE) values ('ypV8RkP5sf9z','1570016',to_timestamp('27-AUG-23 10.42.43.257000000 AM','DD-MON-RR HH.MI.SSXFF AM'));
Insert into USSD.SESSION_LOG (SESSION_ID,UINPUT,LAST_UPDATE) values ('zYgdwaa8oMBT','3',to_timestamp('27-AUG-23 10.43.19.738000000 AM','DD-MON-RR HH.MI.SSXFF AM'));
Insert into USSD.SESSION_LOG (SESSION_ID,UINPUT,LAST_UPDATE) values ('zYgdwaa8oMBT','2',to_timestamp('27-AUG-23 10.43.20.810000000 AM','DD-MON-RR HH.MI.SSXFF AM'));
Insert into USSD.SESSION_LOG (SESSION_ID,UINPUT,LAST_UPDATE) values ('zYgdwaa8oMBT','2',to_timestamp('27-AUG-23 10.43.21.276000000 AM','DD-MON-RR HH.MI.SSXFF AM'));
Insert into USSD.SESSION_LOG (SESSION_ID,UINPUT,LAST_UPDATE) values ('zYgdwaa8oMBT','01988776554',to_timestamp('27-AUG-23 10.43.25.145000000 AM','DD-MON-RR HH.MI.SSXFF AM'));
Insert into USSD.SESSION_LOG (SESSION_ID,UINPUT,LAST_UPDATE) values ('zYgdwaa8oMBT','3',to_timestamp('27-AUG-23 10.43.27.220000000 AM','DD-MON-RR HH.MI.SSXFF AM'));
Insert into USSD.SESSION_LOG (SESSION_ID,UINPUT,LAST_UPDATE) values ('zYgdwaa8oMBT','1570016',to_timestamp('27-AUG-23 10.43.30.226000000 AM','DD-MON-RR HH.MI.SSXFF AM'));
Insert into USSD.SESSION_LOG (SESSION_ID,UINPUT,LAST_UPDATE) values ('5FB5pmUfJTFA','3',to_timestamp('27-AUG-23 10.46.34.220000000 AM','DD-MON-RR HH.MI.SSXFF AM'));
Insert into USSD.SESSION_LOG (SESSION_ID,UINPUT,LAST_UPDATE) values ('5FB5pmUfJTFA','2',to_timestamp('27-AUG-23 10.46.36.283000000 AM','DD-MON-RR HH.MI.SSXFF AM'));
Insert into USSD.SESSION_LOG (SESSION_ID,UINPUT,LAST_UPDATE) values ('5FB5pmUfJTFA','2',to_timestamp('27-AUG-23 10.46.36.744000000 AM','DD-MON-RR HH.MI.SSXFF AM'));
Insert into USSD.SESSION_LOG (SESSION_ID,UINPUT,LAST_UPDATE) values ('5FB5pmUfJTFA','01988776554',to_timestamp('27-AUG-23 10.46.40.213000000 AM','DD-MON-RR HH.MI.SSXFF AM'));
Insert into USSD.SESSION_LOG (SESSION_ID,UINPUT,LAST_UPDATE) values ('5FB5pmUfJTFA','3',to_timestamp('27-AUG-23 10.46.42.274000000 AM','DD-MON-RR HH.MI.SSXFF AM'));
Insert into USSD.SESSION_LOG (SESSION_ID,UINPUT,LAST_UPDATE) values ('Nm2m9DpfFexL','2',to_timestamp('27-AUG-23 11.21.24.869000000 AM','DD-MON-RR HH.MI.SSXFF AM'));
Insert into USSD.SESSION_LOG (SESSION_ID,UINPUT,LAST_UPDATE) values ('5FB5pmUfJTFA','1570016',to_timestamp('27-AUG-23 10.53.58.426000000 AM','DD-MON-RR HH.MI.SSXFF AM'));
Insert into USSD.SESSION_LOG (SESSION_ID,UINPUT,LAST_UPDATE) values ('Nm2m9DpfFexL','7',to_timestamp('27-AUG-23 11.21.22.111000000 AM','DD-MON-RR HH.MI.SSXFF AM'));
Insert into USSD.SESSION_LOG (SESSION_ID,UINPUT,LAST_UPDATE) values ('Nm2m9DpfFexL','1509442',to_timestamp('27-AUG-23 11.21.27.668000000 AM','DD-MON-RR HH.MI.SSXFF AM'));
Insert into USSD.SESSION_LOG (SESSION_ID,UINPUT,LAST_UPDATE) values ('ecNf48u9KGsP','3',to_timestamp('27-AUG-23 11.44.53.917000000 AM','DD-MON-RR HH.MI.SSXFF AM'));
Insert into USSD.SESSION_LOG (SESSION_ID,UINPUT,LAST_UPDATE) values ('ecNf48u9KGsP','3',to_timestamp('27-AUG-23 11.44.54.655000000 AM','DD-MON-RR HH.MI.SSXFF AM'));
Insert into USSD.SESSION_LOG (SESSION_ID,UINPUT,LAST_UPDATE) values ('ecNf48u9KGsP','2',to_timestamp('27-AUG-23 11.44.56.245000000 AM','DD-MON-RR HH.MI.SSXFF AM'));
Insert into USSD.SESSION_LOG (SESSION_ID,UINPUT,LAST_UPDATE) values ('ecNf48u9KGsP','01988776554',to_timestamp('27-AUG-23 11.45.00.878000000 AM','DD-MON-RR HH.MI.SSXFF AM'));
Insert into USSD.SESSION_LOG (SESSION_ID,UINPUT,LAST_UPDATE) values ('ecNf48u9KGsP','3',to_timestamp('27-AUG-23 11.45.03.166000000 AM','DD-MON-RR HH.MI.SSXFF AM'));
Insert into USSD.SESSION_LOG (SESSION_ID,UINPUT,LAST_UPDATE) values ('ecNf48u9KGsP','1570016',to_timestamp('27-AUG-23 11.45.04.081000000 AM','DD-MON-RR HH.MI.SSXFF AM'));
Insert into USSD.SESSION_LOG (SESSION_ID,UINPUT,LAST_UPDATE) values ('zxcnfYFXNUh1','n',to_timestamp('17-SEP-23 01.31.39.255000000 PM','DD-MON-RR HH.MI.SSXFF AM'));
Insert into USSD.SESSION_LOG (SESSION_ID,UINPUT,LAST_UPDATE) values ('P8XSre6q3BPn','3',to_timestamp('27-AUG-23 11.45.34.835000000 AM','DD-MON-RR HH.MI.SSXFF AM'));
Insert into USSD.SESSION_LOG (SESSION_ID,UINPUT,LAST_UPDATE) values ('P8XSre6q3BPn','2',to_timestamp('27-AUG-23 11.45.35.509000000 AM','DD-MON-RR HH.MI.SSXFF AM'));
Insert into USSD.SESSION_LOG (SESSION_ID,UINPUT,LAST_UPDATE) values ('P8XSre6q3BPn','01977665443',to_timestamp('27-AUG-23 11.45.40.766000000 AM','DD-MON-RR HH.MI.SSXFF AM'));
Insert into USSD.SESSION_LOG (SESSION_ID,UINPUT,LAST_UPDATE) values ('P8XSre6q3BPn','3',to_timestamp('27-AUG-23 11.45.43.550000000 AM','DD-MON-RR HH.MI.SSXFF AM'));
Insert into USSD.SESSION_LOG (SESSION_ID,UINPUT,LAST_UPDATE) values ('45Wp8CoHpLtX','3',to_timestamp('27-AUG-23 06.21.22.722000000 PM','DD-MON-RR HH.MI.SSXFF AM'));
Insert into USSD.SESSION_LOG (SESSION_ID,UINPUT,LAST_UPDATE) values ('P8XSre6q3BPn','1570016',to_timestamp('27-AUG-23 11.48.05.493000000 AM','DD-MON-RR HH.MI.SSXFF AM'));
Insert into USSD.SESSION_LOG (SESSION_ID,UINPUT,LAST_UPDATE) values ('YO7F51aabp2C','5',to_timestamp('27-AUG-23 06.21.08.368000000 PM','DD-MON-RR HH.MI.SSXFF AM'));
Insert into USSD.SESSION_LOG (SESSION_ID,UINPUT,LAST_UPDATE) values ('45Wp8CoHpLtX','4',to_timestamp('27-AUG-23 06.21.33.290000000 PM','DD-MON-RR HH.MI.SSXFF AM'));
Insert into USSD.SESSION_LOG (SESSION_ID,UINPUT,LAST_UPDATE) values ('45Wp8CoHpLtX','1',to_timestamp('27-AUG-23 06.21.50.017000000 PM','DD-MON-RR HH.MI.SSXFF AM'));
Insert into USSD.SESSION_LOG (SESSION_ID,UINPUT,LAST_UPDATE) values ('zxcnfYFXNUh1','5',to_timestamp('17-SEP-23 01.31.33.215000000 PM','DD-MON-RR HH.MI.SSXFF AM'));
Insert into USSD.SESSION_LOG (SESSION_ID,UINPUT,LAST_UPDATE) values ('zxcnfYFXNUh1','n',to_timestamp('17-SEP-23 01.31.37.768000000 PM','DD-MON-RR HH.MI.SSXFF AM'));
Insert into USSD.SESSION_LOG (SESSION_ID,UINPUT,LAST_UPDATE) values ('zxcnfYFXNUh1','p',to_timestamp('17-SEP-23 01.31.45.303000000 PM','DD-MON-RR HH.MI.SSXFF AM'));
Insert into USSD.SESSION_LOG (SESSION_ID,UINPUT,LAST_UPDATE) values ('zxcnfYFXNUh1','p',to_timestamp('17-SEP-23 01.31.48.063000000 PM','DD-MON-RR HH.MI.SSXFF AM'));
Insert into USSD.SESSION_LOG (SESSION_ID,UINPUT,LAST_UPDATE) values ('zxcnfYFXNUh1','n',to_timestamp('17-SEP-23 01.31.51.804000000 PM','DD-MON-RR HH.MI.SSXFF AM'));
Insert into USSD.SESSION_LOG (SESSION_ID,UINPUT,LAST_UPDATE) values ('lS9WcvRlmbN6','5',to_timestamp('17-SEP-23 01.32.32.400000000 PM','DD-MON-RR HH.MI.SSXFF AM'));
Insert into USSD.SESSION_LOG (SESSION_ID,UINPUT,LAST_UPDATE) values ('lS9WcvRlmbN6','n',to_timestamp('17-SEP-23 01.34.28.309000000 PM','DD-MON-RR HH.MI.SSXFF AM'));
Insert into USSD.SESSION_LOG (SESSION_ID,UINPUT,LAST_UPDATE) values ('Oe7YThCO6Gla','5',to_timestamp('17-SEP-23 01.35.18.482000000 PM','DD-MON-RR HH.MI.SSXFF AM'));
Insert into USSD.SESSION_LOG (SESSION_ID,UINPUT,LAST_UPDATE) values ('01wzZ76viixX','n',to_timestamp('13-SEP-23 12.11.16.355000000 PM','DD-MON-RR HH.MI.SSXFF AM'));
Insert into USSD.SESSION_LOG (SESSION_ID,UINPUT,LAST_UPDATE) values ('01wzZ76viixX','n',to_timestamp('13-SEP-23 12.11.17.537000000 PM','DD-MON-RR HH.MI.SSXFF AM'));
Insert into USSD.SESSION_LOG (SESSION_ID,UINPUT,LAST_UPDATE) values ('01wzZ76viixX','n',to_timestamp('13-SEP-23 12.11.19.914000000 PM','DD-MON-RR HH.MI.SSXFF AM'));
Insert into USSD.SESSION_LOG (SESSION_ID,UINPUT,LAST_UPDATE) values ('01wzZ76viixX','p',to_timestamp('13-SEP-23 12.11.21.383000000 PM','DD-MON-RR HH.MI.SSXFF AM'));
Insert into USSD.SESSION_LOG (SESSION_ID,UINPUT,LAST_UPDATE) values ('01wzZ76viixX','p',to_timestamp('13-SEP-23 12.11.23.158000000 PM','DD-MON-RR HH.MI.SSXFF AM'));
Insert into USSD.SESSION_LOG (SESSION_ID,UINPUT,LAST_UPDATE) values ('01wzZ76viixX','n',to_timestamp('13-SEP-23 12.11.28.544000000 PM','DD-MON-RR HH.MI.SSXFF AM'));
Insert into USSD.SESSION_LOG (SESSION_ID,UINPUT,LAST_UPDATE) values ('01wzZ76viixX','2',to_timestamp('13-SEP-23 12.11.32.751000000 PM','DD-MON-RR HH.MI.SSXFF AM'));
Insert into USSD.SESSION_LOG (SESSION_ID,UINPUT,LAST_UPDATE) values ('V9wcm15yX5Ou','5',to_timestamp('13-SEP-23 12.14.02.043000000 PM','DD-MON-RR HH.MI.SSXFF AM'));
Insert into USSD.SESSION_LOG (SESSION_ID,UINPUT,LAST_UPDATE) values ('UHFkf1KZeVEG','3',to_timestamp('24-AUG-23 03.26.00.908000000 PM','DD-MON-RR HH.MI.SSXFF AM'));
Insert into USSD.SESSION_LOG (SESSION_ID,UINPUT,LAST_UPDATE) values ('UHFkf1KZeVEG','2',to_timestamp('24-AUG-23 03.26.04.675000000 PM','DD-MON-RR HH.MI.SSXFF AM'));
Insert into USSD.SESSION_LOG (SESSION_ID,UINPUT,LAST_UPDATE) values ('UHFkf1KZeVEG','2',to_timestamp('24-AUG-23 03.26.10.368000000 PM','DD-MON-RR HH.MI.SSXFF AM'));
Insert into USSD.SESSION_LOG (SESSION_ID,UINPUT,LAST_UPDATE) values ('UHFkf1KZeVEG','01988776554',to_timestamp('24-AUG-23 03.26.14.306000000 PM','DD-MON-RR HH.MI.SSXFF AM'));
Insert into USSD.SESSION_LOG (SESSION_ID,UINPUT,LAST_UPDATE) values ('UHFkf1KZeVEG','33',to_timestamp('24-AUG-23 03.26.18.079000000 PM','DD-MON-RR HH.MI.SSXFF AM'));
Insert into USSD.SESSION_LOG (SESSION_ID,UINPUT,LAST_UPDATE) values ('UHFkf1KZeVEG','1570016',to_timestamp('24-AUG-23 03.26.18.988000000 PM','DD-MON-RR HH.MI.SSXFF AM'));
Insert into USSD.SESSION_LOG (SESSION_ID,UINPUT,LAST_UPDATE) values ('T82CwRaJObzH','3',to_timestamp('24-AUG-23 03.26.23.421000000 PM','DD-MON-RR HH.MI.SSXFF AM'));
Insert into USSD.SESSION_LOG (SESSION_ID,UINPUT,LAST_UPDATE) values ('T82CwRaJObzH','3',to_timestamp('24-AUG-23 03.26.27.066000000 PM','DD-MON-RR HH.MI.SSXFF AM'));
Insert into USSD.SESSION_LOG (SESSION_ID,UINPUT,LAST_UPDATE) values ('T82CwRaJObzH','2',to_timestamp('24-AUG-23 03.26.28.735000000 PM','DD-MON-RR HH.MI.SSXFF AM'));
Insert into USSD.SESSION_LOG (SESSION_ID,UINPUT,LAST_UPDATE) values ('T82CwRaJObzH','01988776554',to_timestamp('24-AUG-23 03.26.32.356000000 PM','DD-MON-RR HH.MI.SSXFF AM'));
Insert into USSD.SESSION_LOG (SESSION_ID,UINPUT,LAST_UPDATE) values ('T82CwRaJObzH','33',to_timestamp('24-AUG-23 03.26.35.101000000 PM','DD-MON-RR HH.MI.SSXFF AM'));
Insert into USSD.SESSION_LOG (SESSION_ID,UINPUT,LAST_UPDATE) values ('T82CwRaJObzH','1570016',to_timestamp('24-AUG-23 03.26.36.174000000 PM','DD-MON-RR HH.MI.SSXFF AM'));
Insert into USSD.SESSION_LOG (SESSION_ID,UINPUT,LAST_UPDATE) values ('o40xXb8klFnT','7',to_timestamp('27-AUG-23 11.18.34.783000000 AM','DD-MON-RR HH.MI.SSXFF AM'));
Insert into USSD.SESSION_LOG (SESSION_ID,UINPUT,LAST_UPDATE) values ('o40xXb8klFnT','2',to_timestamp('27-AUG-23 11.18.36.474000000 AM','DD-MON-RR HH.MI.SSXFF AM'));
Insert into USSD.SESSION_LOG (SESSION_ID,UINPUT,LAST_UPDATE) values ('o40xXb8klFnT','1570016',to_timestamp('27-AUG-23 11.18.39.213000000 AM','DD-MON-RR HH.MI.SSXFF AM'));
Insert into USSD.SESSION_LOG (SESSION_ID,UINPUT,LAST_UPDATE) values ('01wzZ76viixX','5',to_timestamp('13-SEP-23 12.11.11.669000000 PM','DD-MON-RR HH.MI.SSXFF AM'));
Insert into USSD.SESSION_LOG (SESSION_ID,UINPUT,LAST_UPDATE) values ('V9wcm15yX5Ou','n',to_timestamp('13-SEP-23 12.14.04.451000000 PM','DD-MON-RR HH.MI.SSXFF AM'));
Insert into USSD.SESSION_LOG (SESSION_ID,UINPUT,LAST_UPDATE) values ('V9wcm15yX5Ou','n',to_timestamp('13-SEP-23 12.14.06.793000000 PM','DD-MON-RR HH.MI.SSXFF AM'));
Insert into USSD.SESSION_LOG (SESSION_ID,UINPUT,LAST_UPDATE) values ('V9wcm15yX5Ou','p',to_timestamp('13-SEP-23 12.14.08.702000000 PM','DD-MON-RR HH.MI.SSXFF AM'));
Insert into USSD.SESSION_LOG (SESSION_ID,UINPUT,LAST_UPDATE) values ('V9wcm15yX5Ou','p',to_timestamp('13-SEP-23 12.14.33.352000000 PM','DD-MON-RR HH.MI.SSXFF AM'));
Insert into USSD.SESSION_LOG (SESSION_ID,UINPUT,LAST_UPDATE) values ('V9wcm15yX5Ou','p',to_timestamp('13-SEP-23 12.14.42.098000000 PM','DD-MON-RR HH.MI.SSXFF AM'));
Insert into USSD.SESSION_LOG (SESSION_ID,UINPUT,LAST_UPDATE) values ('V9wcm15yX5Ou','p',to_timestamp('13-SEP-23 12.14.52.437000000 PM','DD-MON-RR HH.MI.SSXFF AM'));
Insert into USSD.SESSION_LOG (SESSION_ID,UINPUT,LAST_UPDATE) values ('RcVGCiMUZrc3','5',to_timestamp('13-SEP-23 12.15.03.540000000 PM','DD-MON-RR HH.MI.SSXFF AM'));
Insert into USSD.SESSION_LOG (SESSION_ID,UINPUT,LAST_UPDATE) values ('Axy9x8mlRTjx','5',to_timestamp('13-SEP-23 12.16.12.546000000 PM','DD-MON-RR HH.MI.SSXFF AM'));
Insert into USSD.SESSION_LOG (SESSION_ID,UINPUT,LAST_UPDATE) values ('IURks8EpNm9L','5',to_timestamp('13-SEP-23 12.19.26.061000000 PM','DD-MON-RR HH.MI.SSXFF AM'));
Insert into USSD.SESSION_LOG (SESSION_ID,UINPUT,LAST_UPDATE) values ('jBcmKL9r9T31','3',to_timestamp('24-AUG-23 10.13.04.146000000 AM','DD-MON-RR HH.MI.SSXFF AM'));
Insert into USSD.SESSION_LOG (SESSION_ID,UINPUT,LAST_UPDATE) values ('jBcmKL9r9T31','4',to_timestamp('24-AUG-23 10.13.06.853000000 AM','DD-MON-RR HH.MI.SSXFF AM'));
Insert into USSD.SESSION_LOG (SESSION_ID,UINPUT,LAST_UPDATE) values ('jBcmKL9r9T31','2',to_timestamp('24-AUG-23 10.13.08.951000000 AM','DD-MON-RR HH.MI.SSXFF AM'));
Insert into USSD.SESSION_LOG (SESSION_ID,UINPUT,LAST_UPDATE) values ('jBcmKL9r9T31','01988776554',to_timestamp('24-AUG-23 10.13.13.123000000 AM','DD-MON-RR HH.MI.SSXFF AM'));
Insert into USSD.SESSION_LOG (SESSION_ID,UINPUT,LAST_UPDATE) values ('jBcmKL9r9T31','33',to_timestamp('24-AUG-23 10.13.18.450000000 AM','DD-MON-RR HH.MI.SSXFF AM'));
Insert into USSD.SESSION_LOG (SESSION_ID,UINPUT,LAST_UPDATE) values ('jBcmKL9r9T31','1570016',to_timestamp('24-AUG-23 10.13.19.483000000 AM','DD-MON-RR HH.MI.SSXFF AM'));
Insert into USSD.SESSION_LOG (SESSION_ID,UINPUT,LAST_UPDATE) values ('OmzrC4e9FBi1','3',to_timestamp('24-AUG-23 10.13.38.915000000 AM','DD-MON-RR HH.MI.SSXFF AM'));
Insert into USSD.SESSION_LOG (SESSION_ID,UINPUT,LAST_UPDATE) values ('OmzrC4e9FBi1','4',to_timestamp('24-AUG-23 10.13.40.171000000 AM','DD-MON-RR HH.MI.SSXFF AM'));
Insert into USSD.SESSION_LOG (SESSION_ID,UINPUT,LAST_UPDATE) values ('OmzrC4e9FBi1','2',to_timestamp('24-AUG-23 10.13.41.064000000 AM','DD-MON-RR HH.MI.SSXFF AM'));
Insert into USSD.SESSION_LOG (SESSION_ID,UINPUT,LAST_UPDATE) values ('OmzrC4e9FBi1','01987687855',to_timestamp('24-AUG-23 10.14.00.866000000 AM','DD-MON-RR HH.MI.SSXFF AM'));
Insert into USSD.SESSION_LOG (SESSION_ID,UINPUT,LAST_UPDATE) values ('OmzrC4e9FBi1','55',to_timestamp('24-AUG-23 10.14.04.384000000 AM','DD-MON-RR HH.MI.SSXFF AM'));
Insert into USSD.SESSION_LOG (SESSION_ID,UINPUT,LAST_UPDATE) values ('OmzrC4e9FBi1','1570016',to_timestamp('24-AUG-23 10.14.08.022000000 AM','DD-MON-RR HH.MI.SSXFF AM'));
Insert into USSD.SESSION_LOG (SESSION_ID,UINPUT,LAST_UPDATE) values ('3pInaUTJOQLx','3',to_timestamp('24-AUG-23 10.17.25.119000000 AM','DD-MON-RR HH.MI.SSXFF AM'));
Insert into USSD.SESSION_LOG (SESSION_ID,UINPUT,LAST_UPDATE) values ('3pInaUTJOQLx','5',to_timestamp('24-AUG-23 10.17.26.566000000 AM','DD-MON-RR HH.MI.SSXFF AM'));
Insert into USSD.SESSION_LOG (SESSION_ID,UINPUT,LAST_UPDATE) values ('3pInaUTJOQLx','2',to_timestamp('24-AUG-23 10.17.28.386000000 AM','DD-MON-RR HH.MI.SSXFF AM'));
Insert into USSD.SESSION_LOG (SESSION_ID,UINPUT,LAST_UPDATE) values ('3pInaUTJOQLx','01988776554',to_timestamp('24-AUG-23 10.17.33.531000000 AM','DD-MON-RR HH.MI.SSXFF AM'));
Insert into USSD.SESSION_LOG (SESSION_ID,UINPUT,LAST_UPDATE) values ('3pInaUTJOQLx','33',to_timestamp('24-AUG-23 10.17.40.994000000 AM','DD-MON-RR HH.MI.SSXFF AM'));
Insert into USSD.SESSION_LOG (SESSION_ID,UINPUT,LAST_UPDATE) values ('3pInaUTJOQLx','1570016',to_timestamp('24-AUG-23 10.17.42.093000000 AM','DD-MON-RR HH.MI.SSXFF AM'));
Insert into USSD.SESSION_LOG (SESSION_ID,UINPUT,LAST_UPDATE) values ('ayThM6BwuMxC','3',to_timestamp('24-AUG-23 10.19.41.392000000 AM','DD-MON-RR HH.MI.SSXFF AM'));
Insert into USSD.SESSION_LOG (SESSION_ID,UINPUT,LAST_UPDATE) values ('ayThM6BwuMxC','4',to_timestamp('24-AUG-23 10.19.44.144000000 AM','DD-MON-RR HH.MI.SSXFF AM'));
Insert into USSD.SESSION_LOG (SESSION_ID,UINPUT,LAST_UPDATE) values ('ayThM6BwuMxC','2',to_timestamp('24-AUG-23 10.19.46.125000000 AM','DD-MON-RR HH.MI.SSXFF AM'));
Insert into USSD.SESSION_LOG (SESSION_ID,UINPUT,LAST_UPDATE) values ('ayThM6BwuMxC','01988776554',to_timestamp('24-AUG-23 10.19.50.603000000 AM','DD-MON-RR HH.MI.SSXFF AM'));
Insert into USSD.SESSION_LOG (SESSION_ID,UINPUT,LAST_UPDATE) values ('ayThM6BwuMxC','33',to_timestamp('24-AUG-23 10.19.53.154000000 AM','DD-MON-RR HH.MI.SSXFF AM'));
Insert into USSD.SESSION_LOG (SESSION_ID,UINPUT,LAST_UPDATE) values ('ayThM6BwuMxC','1570016',to_timestamp('24-AUG-23 10.19.54.265000000 AM','DD-MON-RR HH.MI.SSXFF AM'));
Insert into USSD.SESSION_LOG (SESSION_ID,UINPUT,LAST_UPDATE) values ('apEFWKzzuRtv','3',to_timestamp('24-AUG-23 10.20.08.659000000 AM','DD-MON-RR HH.MI.SSXFF AM'));
Insert into USSD.SESSION_LOG (SESSION_ID,UINPUT,LAST_UPDATE) values ('apEFWKzzuRtv','4',to_timestamp('24-AUG-23 10.20.09.746000000 AM','DD-MON-RR HH.MI.SSXFF AM'));
Insert into USSD.SESSION_LOG (SESSION_ID,UINPUT,LAST_UPDATE) values ('apEFWKzzuRtv','2',to_timestamp('24-AUG-23 10.20.10.839000000 AM','DD-MON-RR HH.MI.SSXFF AM'));
Insert into USSD.SESSION_LOG (SESSION_ID,UINPUT,LAST_UPDATE) values ('apEFWKzzuRtv','01988776554',to_timestamp('24-AUG-23 10.20.14.634000000 AM','DD-MON-RR HH.MI.SSXFF AM'));
Insert into USSD.SESSION_LOG (SESSION_ID,UINPUT,LAST_UPDATE) values ('apEFWKzzuRtv','33',to_timestamp('24-AUG-23 10.20.16.771000000 AM','DD-MON-RR HH.MI.SSXFF AM'));
Insert into USSD.SESSION_LOG (SESSION_ID,UINPUT,LAST_UPDATE) values ('apEFWKzzuRtv','1570016',to_timestamp('24-AUG-23 10.20.17.554000000 AM','DD-MON-RR HH.MI.SSXFF AM'));
Insert into USSD.SESSION_LOG (SESSION_ID,UINPUT,LAST_UPDATE) values ('WFYBlnhSarOM','3',to_timestamp('24-AUG-23 10.27.15.484000000 AM','DD-MON-RR HH.MI.SSXFF AM'));
Insert into USSD.SESSION_LOG (SESSION_ID,UINPUT,LAST_UPDATE) values ('WFYBlnhSarOM','4',to_timestamp('24-AUG-23 10.27.16.682000000 AM','DD-MON-RR HH.MI.SSXFF AM'));
Insert into USSD.SESSION_LOG (SESSION_ID,UINPUT,LAST_UPDATE) values ('WFYBlnhSarOM','2',to_timestamp('24-AUG-23 10.27.17.605000000 AM','DD-MON-RR HH.MI.SSXFF AM'));
Insert into USSD.SESSION_LOG (SESSION_ID,UINPUT,LAST_UPDATE) values ('WFYBlnhSarOM','01988777655',to_timestamp('24-AUG-23 10.27.25.674000000 AM','DD-MON-RR HH.MI.SSXFF AM'));
Insert into USSD.SESSION_LOG (SESSION_ID,UINPUT,LAST_UPDATE) values ('WFYBlnhSarOM','33',to_timestamp('24-AUG-23 10.27.32.829000000 AM','DD-MON-RR HH.MI.SSXFF AM'));
Insert into USSD.SESSION_LOG (SESSION_ID,UINPUT,LAST_UPDATE) values ('WFYBlnhSarOM','1570016',to_timestamp('24-AUG-23 10.27.33.963000000 AM','DD-MON-RR HH.MI.SSXFF AM'));
Insert into USSD.SESSION_LOG (SESSION_ID,UINPUT,LAST_UPDATE) values ('H5CtxUJip8Ra','5',to_timestamp('17-SEP-23 01.36.22.512000000 PM','DD-MON-RR HH.MI.SSXFF AM'));
Insert into USSD.SESSION_LOG (SESSION_ID,UINPUT,LAST_UPDATE) values ('H5CtxUJip8Ra','n',to_timestamp('17-SEP-23 01.36.24.541000000 PM','DD-MON-RR HH.MI.SSXFF AM'));
Insert into USSD.SESSION_LOG (SESSION_ID,UINPUT,LAST_UPDATE) values ('H5CtxUJip8Ra','n',to_timestamp('17-SEP-23 01.36.27.683000000 PM','DD-MON-RR HH.MI.SSXFF AM'));
Insert into USSD.SESSION_LOG (SESSION_ID,UINPUT,LAST_UPDATE) values ('4f0fTWdNQRTz','5',to_timestamp('17-SEP-23 01.36.43.749000000 PM','DD-MON-RR HH.MI.SSXFF AM'));
Insert into USSD.SESSION_LOG (SESSION_ID,UINPUT,LAST_UPDATE) values ('7FRK6wId9zn6','5',to_timestamp('17-SEP-23 01.37.11.683000000 PM','DD-MON-RR HH.MI.SSXFF AM'));
Insert into USSD.SESSION_LOG (SESSION_ID,UINPUT,LAST_UPDATE) values ('4C8Tsju67l6w','5',to_timestamp('17-SEP-23 01.38.59.503000000 PM','DD-MON-RR HH.MI.SSXFF AM'));
Insert into USSD.SESSION_LOG (SESSION_ID,UINPUT,LAST_UPDATE) values ('5qLe5Ku2mW2t','5',to_timestamp('17-SEP-23 01.39.42.830000000 PM','DD-MON-RR HH.MI.SSXFF AM'));
Insert into USSD.SESSION_LOG (SESSION_ID,UINPUT,LAST_UPDATE) values ('P5aJuigHjYSg','5',to_timestamp('17-SEP-23 01.40.27.015000000 PM','DD-MON-RR HH.MI.SSXFF AM'));
Insert into USSD.SESSION_LOG (SESSION_ID,UINPUT,LAST_UPDATE) values ('Hf0l9851qaqg','5',to_timestamp('17-SEP-23 01.43.16.345000000 PM','DD-MON-RR HH.MI.SSXFF AM'));
Insert into USSD.SESSION_LOG (SESSION_ID,UINPUT,LAST_UPDATE) values ('Hf0l9851qaqg','n',to_timestamp('17-SEP-23 01.43.40.875000000 PM','DD-MON-RR HH.MI.SSXFF AM'));
Insert into USSD.SESSION_LOG (SESSION_ID,UINPUT,LAST_UPDATE) values ('Hf0l9851qaqg','n',to_timestamp('17-SEP-23 01.43.42.100000000 PM','DD-MON-RR HH.MI.SSXFF AM'));
Insert into USSD.SESSION_LOG (SESSION_ID,UINPUT,LAST_UPDATE) values ('Hf0l9851qaqg','n',to_timestamp('17-SEP-23 01.43.43.680000000 PM','DD-MON-RR HH.MI.SSXFF AM'));
Insert into USSD.SESSION_LOG (SESSION_ID,UINPUT,LAST_UPDATE) values ('Hf0l9851qaqg','p',to_timestamp('17-SEP-23 01.43.46.827000000 PM','DD-MON-RR HH.MI.SSXFF AM'));
Insert into USSD.SESSION_LOG (SESSION_ID,UINPUT,LAST_UPDATE) values ('Hf0l9851qaqg','p',to_timestamp('17-SEP-23 01.43.49.112000000 PM','DD-MON-RR HH.MI.SSXFF AM'));
Insert into USSD.SESSION_LOG (SESSION_ID,UINPUT,LAST_UPDATE) values ('Hf0l9851qaqg','p',to_timestamp('17-SEP-23 01.43.50.094000000 PM','DD-MON-RR HH.MI.SSXFF AM'));
Insert into USSD.SESSION_LOG (SESSION_ID,UINPUT,LAST_UPDATE) values ('Hf0l9851qaqg','p',to_timestamp('17-SEP-23 01.43.51.887000000 PM','DD-MON-RR HH.MI.SSXFF AM'));
Insert into USSD.SESSION_LOG (SESSION_ID,UINPUT,LAST_UPDATE) values ('J2EhUCynVtdh','5',to_timestamp('17-SEP-23 01.51.51.455000000 PM','DD-MON-RR HH.MI.SSXFF AM'));
Insert into USSD.SESSION_LOG (SESSION_ID,UINPUT,LAST_UPDATE) values ('sMCWfe4VGNlJ','5',to_timestamp('17-SEP-23 01.52.16.365000000 PM','DD-MON-RR HH.MI.SSXFF AM'));
Insert into USSD.SESSION_LOG (SESSION_ID,UINPUT,LAST_UPDATE) values ('sMCWfe4VGNlJ','n',to_timestamp('17-SEP-23 01.52.25.445000000 PM','DD-MON-RR HH.MI.SSXFF AM'));
Insert into USSD.SESSION_LOG (SESSION_ID,UINPUT,LAST_UPDATE) values ('n0NCE3X1O8od','5',to_timestamp('17-SEP-23 01.52.40.905000000 PM','DD-MON-RR HH.MI.SSXFF AM'));
Insert into USSD.SESSION_LOG (SESSION_ID,UINPUT,LAST_UPDATE) values ('DQffrqUG7Ojp','5',to_timestamp('17-SEP-23 01.56.07.273000000 PM','DD-MON-RR HH.MI.SSXFF AM'));
Insert into USSD.SESSION_LOG (SESSION_ID,UINPUT,LAST_UPDATE) values ('DQffrqUG7Ojp','n',to_timestamp('17-SEP-23 01.56.08.771000000 PM','DD-MON-RR HH.MI.SSXFF AM'));
Insert into USSD.SESSION_LOG (SESSION_ID,UINPUT,LAST_UPDATE) values ('DQffrqUG7Ojp','n',to_timestamp('17-SEP-23 01.56.10.984000000 PM','DD-MON-RR HH.MI.SSXFF AM'));
Insert into USSD.SESSION_LOG (SESSION_ID,UINPUT,LAST_UPDATE) values ('KpEQgTBEwim0','3',to_timestamp('23-AUG-23 06.25.22.922000000 PM','DD-MON-RR HH.MI.SSXFF AM'));
Insert into USSD.SESSION_LOG (SESSION_ID,UINPUT,LAST_UPDATE) values ('KpEQgTBEwim0','4',to_timestamp('23-AUG-23 06.25.24.891000000 PM','DD-MON-RR HH.MI.SSXFF AM'));
Insert into USSD.SESSION_LOG (SESSION_ID,UINPUT,LAST_UPDATE) values ('KpEQgTBEwim0','2',to_timestamp('23-AUG-23 06.25.26.813000000 PM','DD-MON-RR HH.MI.SSXFF AM'));
Insert into USSD.SESSION_LOG (SESSION_ID,UINPUT,LAST_UPDATE) values ('KpEQgTBEwim0','01788998776',to_timestamp('23-AUG-23 06.25.30.346000000 PM','DD-MON-RR HH.MI.SSXFF AM'));
Insert into USSD.SESSION_LOG (SESSION_ID,UINPUT,LAST_UPDATE) values ('KpEQgTBEwim0','13',to_timestamp('23-AUG-23 06.25.32.605000000 PM','DD-MON-RR HH.MI.SSXFF AM'));
Insert into USSD.SESSION_LOG (SESSION_ID,UINPUT,LAST_UPDATE) values ('KpEQgTBEwim0','1570016',to_timestamp('23-AUG-23 06.25.34.969000000 PM','DD-MON-RR HH.MI.SSXFF AM'));
Insert into USSD.SESSION_LOG (SESSION_ID,UINPUT,LAST_UPDATE) values ('LqOX7y3wwahH','3',to_timestamp('23-AUG-23 06.39.19.645000000 PM','DD-MON-RR HH.MI.SSXFF AM'));
Insert into USSD.SESSION_LOG (SESSION_ID,UINPUT,LAST_UPDATE) values ('LqOX7y3wwahH','3',to_timestamp('23-AUG-23 06.39.20.314000000 PM','DD-MON-RR HH.MI.SSXFF AM'));
Insert into USSD.SESSION_LOG (SESSION_ID,UINPUT,LAST_UPDATE) values ('LqOX7y3wwahH','2',to_timestamp('23-AUG-23 06.39.21.456000000 PM','DD-MON-RR HH.MI.SSXFF AM'));
Insert into USSD.SESSION_LOG (SESSION_ID,UINPUT,LAST_UPDATE) values ('LqOX7y3wwahH','01988776554',to_timestamp('23-AUG-23 06.39.25.032000000 PM','DD-MON-RR HH.MI.SSXFF AM'));
Insert into USSD.SESSION_LOG (SESSION_ID,UINPUT,LAST_UPDATE) values ('LqOX7y3wwahH','13',to_timestamp('23-AUG-23 06.39.28.605000000 PM','DD-MON-RR HH.MI.SSXFF AM'));
Insert into USSD.SESSION_LOG (SESSION_ID,UINPUT,LAST_UPDATE) values ('LqOX7y3wwahH','1570016',to_timestamp('23-AUG-23 06.39.30.863000000 PM','DD-MON-RR HH.MI.SSXFF AM'));
Insert into USSD.SESSION_LOG (SESSION_ID,UINPUT,LAST_UPDATE) values ('DI1CO5LSZcEd','3',to_timestamp('24-AUG-23 11.15.09.177000000 AM','DD-MON-RR HH.MI.SSXFF AM'));
Insert into USSD.SESSION_LOG (SESSION_ID,UINPUT,LAST_UPDATE) values ('DI1CO5LSZcEd','4',to_timestamp('24-AUG-23 11.15.10.032000000 AM','DD-MON-RR HH.MI.SSXFF AM'));
Insert into USSD.SESSION_LOG (SESSION_ID,UINPUT,LAST_UPDATE) values ('DI1CO5LSZcEd','2',to_timestamp('24-AUG-23 11.15.11.275000000 AM','DD-MON-RR HH.MI.SSXFF AM'));
Insert into USSD.SESSION_LOG (SESSION_ID,UINPUT,LAST_UPDATE) values ('DI1CO5LSZcEd','01988776554',to_timestamp('24-AUG-23 11.15.14.951000000 AM','DD-MON-RR HH.MI.SSXFF AM'));
Insert into USSD.SESSION_LOG (SESSION_ID,UINPUT,LAST_UPDATE) values ('DI1CO5LSZcEd','33',to_timestamp('24-AUG-23 11.15.17.844000000 AM','DD-MON-RR HH.MI.SSXFF AM'));
Insert into USSD.SESSION_LOG (SESSION_ID,UINPUT,LAST_UPDATE) values ('DI1CO5LSZcEd','1570016',to_timestamp('24-AUG-23 11.15.18.565000000 AM','DD-MON-RR HH.MI.SSXFF AM'));
Insert into USSD.SESSION_LOG (SESSION_ID,UINPUT,LAST_UPDATE) values ('p5KdYqRIdGnY','3',to_timestamp('24-AUG-23 11.16.19.736000000 AM','DD-MON-RR HH.MI.SSXFF AM'));
Insert into USSD.SESSION_LOG (SESSION_ID,UINPUT,LAST_UPDATE) values ('p5KdYqRIdGnY','4',to_timestamp('24-AUG-23 11.16.20.870000000 AM','DD-MON-RR HH.MI.SSXFF AM'));
Insert into USSD.SESSION_LOG (SESSION_ID,UINPUT,LAST_UPDATE) values ('p5KdYqRIdGnY','2',to_timestamp('24-AUG-23 11.16.22.287000000 AM','DD-MON-RR HH.MI.SSXFF AM'));
Insert into USSD.SESSION_LOG (SESSION_ID,UINPUT,LAST_UPDATE) values ('p5KdYqRIdGnY','01988776554',to_timestamp('24-AUG-23 11.16.25.972000000 AM','DD-MON-RR HH.MI.SSXFF AM'));
Insert into USSD.SESSION_LOG (SESSION_ID,UINPUT,LAST_UPDATE) values ('p5KdYqRIdGnY','33',to_timestamp('24-AUG-23 11.16.29.021000000 AM','DD-MON-RR HH.MI.SSXFF AM'));
Insert into USSD.SESSION_LOG (SESSION_ID,UINPUT,LAST_UPDATE) values ('p5KdYqRIdGnY','1570016',to_timestamp('24-AUG-23 11.16.29.656000000 AM','DD-MON-RR HH.MI.SSXFF AM'));
Insert into USSD.SESSION_LOG (SESSION_ID,UINPUT,LAST_UPDATE) values ('JlNOKdI8FoWm','3',to_timestamp('24-AUG-23 11.18.53.960000000 AM','DD-MON-RR HH.MI.SSXFF AM'));
Insert into USSD.SESSION_LOG (SESSION_ID,UINPUT,LAST_UPDATE) values ('JlNOKdI8FoWm','4',to_timestamp('24-AUG-23 11.18.55.233000000 AM','DD-MON-RR HH.MI.SSXFF AM'));
Insert into USSD.SESSION_LOG (SESSION_ID,UINPUT,LAST_UPDATE) values ('JlNOKdI8FoWm','2',to_timestamp('24-AUG-23 11.18.56.588000000 AM','DD-MON-RR HH.MI.SSXFF AM'));
Insert into USSD.SESSION_LOG (SESSION_ID,UINPUT,LAST_UPDATE) values ('JlNOKdI8FoWm','01988766544',to_timestamp('24-AUG-23 11.19.04.048000000 AM','DD-MON-RR HH.MI.SSXFF AM'));
Insert into USSD.SESSION_LOG (SESSION_ID,UINPUT,LAST_UPDATE) values ('JlNOKdI8FoWm','33',to_timestamp('24-AUG-23 11.19.08.935000000 AM','DD-MON-RR HH.MI.SSXFF AM'));
Insert into USSD.SESSION_LOG (SESSION_ID,UINPUT,LAST_UPDATE) values ('JlNOKdI8FoWm','1570016',to_timestamp('24-AUG-23 11.19.09.688000000 AM','DD-MON-RR HH.MI.SSXFF AM'));
Insert into USSD.SESSION_LOG (SESSION_ID,UINPUT,LAST_UPDATE) values ('A2EQBThdEv2V','3',to_timestamp('24-AUG-23 11.32.24.053000000 AM','DD-MON-RR HH.MI.SSXFF AM'));
Insert into USSD.SESSION_LOG (SESSION_ID,UINPUT,LAST_UPDATE) values ('ut6uv26ODm4Z','3',to_timestamp('24-AUG-23 11.32.26.559000000 AM','DD-MON-RR HH.MI.SSXFF AM'));
Insert into USSD.SESSION_LOG (SESSION_ID,UINPUT,LAST_UPDATE) values ('ut6uv26ODm4Z','4',to_timestamp('24-AUG-23 11.32.28.232000000 AM','DD-MON-RR HH.MI.SSXFF AM'));
Insert into USSD.SESSION_LOG (SESSION_ID,UINPUT,LAST_UPDATE) values ('gyJApOcwYxnP','3',to_timestamp('24-AUG-23 11.32.37.474000000 AM','DD-MON-RR HH.MI.SSXFF AM'));
Insert into USSD.SESSION_LOG (SESSION_ID,UINPUT,LAST_UPDATE) values ('gyJApOcwYxnP','1',to_timestamp('24-AUG-23 11.32.39.963000000 AM','DD-MON-RR HH.MI.SSXFF AM'));
Insert into USSD.SESSION_LOG (SESSION_ID,UINPUT,LAST_UPDATE) values ('gyJApOcwYxnP','1',to_timestamp('24-AUG-23 11.32.41.194000000 AM','DD-MON-RR HH.MI.SSXFF AM'));
Insert into USSD.SESSION_LOG (SESSION_ID,UINPUT,LAST_UPDATE) values ('gyJApOcwYxnP','01988776554',to_timestamp('24-AUG-23 11.32.45.651000000 AM','DD-MON-RR HH.MI.SSXFF AM'));
Insert into USSD.SESSION_LOG (SESSION_ID,UINPUT,LAST_UPDATE) values ('gyJApOcwYxnP','33',to_timestamp('24-AUG-23 11.32.48.275000000 AM','DD-MON-RR HH.MI.SSXFF AM'));
Insert into USSD.SESSION_LOG (SESSION_ID,UINPUT,LAST_UPDATE) values ('gyJApOcwYxnP','1570016',to_timestamp('24-AUG-23 11.32.49.880000000 AM','DD-MON-RR HH.MI.SSXFF AM'));
Insert into USSD.SESSION_LOG (SESSION_ID,UINPUT,LAST_UPDATE) values ('5PZ3rz7TSOwt','3',to_timestamp('24-AUG-23 11.33.21.772000000 AM','DD-MON-RR HH.MI.SSXFF AM'));
Insert into USSD.SESSION_LOG (SESSION_ID,UINPUT,LAST_UPDATE) values ('5PZ3rz7TSOwt','1',to_timestamp('24-AUG-23 11.33.22.705000000 AM','DD-MON-RR HH.MI.SSXFF AM'));
Insert into USSD.SESSION_LOG (SESSION_ID,UINPUT,LAST_UPDATE) values ('5PZ3rz7TSOwt','1',to_timestamp('24-AUG-23 11.33.23.469000000 AM','DD-MON-RR HH.MI.SSXFF AM'));
Insert into USSD.SESSION_LOG (SESSION_ID,UINPUT,LAST_UPDATE) values ('5PZ3rz7TSOwt','01988776554',to_timestamp('24-AUG-23 11.33.35.768000000 AM','DD-MON-RR HH.MI.SSXFF AM'));
Insert into USSD.SESSION_LOG (SESSION_ID,UINPUT,LAST_UPDATE) values ('5PZ3rz7TSOwt','33',to_timestamp('24-AUG-23 11.33.40.296000000 AM','DD-MON-RR HH.MI.SSXFF AM'));
Insert into USSD.SESSION_LOG (SESSION_ID,UINPUT,LAST_UPDATE) values ('5PZ3rz7TSOwt','1570016',to_timestamp('24-AUG-23 11.33.41.497000000 AM','DD-MON-RR HH.MI.SSXFF AM'));
Insert into USSD.SESSION_LOG (SESSION_ID,UINPUT,LAST_UPDATE) values ('MfjxMi0MOLQ0','3',to_timestamp('24-AUG-23 11.34.52.043000000 AM','DD-MON-RR HH.MI.SSXFF AM'));
Insert into USSD.SESSION_LOG (SESSION_ID,UINPUT,LAST_UPDATE) values ('MfjxMi0MOLQ0','1',to_timestamp('24-AUG-23 11.34.53.248000000 AM','DD-MON-RR HH.MI.SSXFF AM'));
Insert into USSD.SESSION_LOG (SESSION_ID,UINPUT,LAST_UPDATE) values ('MfjxMi0MOLQ0','1',to_timestamp('24-AUG-23 11.34.53.799000000 AM','DD-MON-RR HH.MI.SSXFF AM'));
Insert into USSD.SESSION_LOG (SESSION_ID,UINPUT,LAST_UPDATE) values ('MfjxMi0MOLQ0','01988776554',to_timestamp('24-AUG-23 11.34.56.527000000 AM','DD-MON-RR HH.MI.SSXFF AM'));
Insert into USSD.SESSION_LOG (SESSION_ID,UINPUT,LAST_UPDATE) values ('MfjxMi0MOLQ0','33',to_timestamp('24-AUG-23 11.34.59.162000000 AM','DD-MON-RR HH.MI.SSXFF AM'));
Insert into USSD.SESSION_LOG (SESSION_ID,UINPUT,LAST_UPDATE) values ('MfjxMi0MOLQ0','1570016',to_timestamp('24-AUG-23 11.35.00.371000000 AM','DD-MON-RR HH.MI.SSXFF AM'));
Insert into USSD.SESSION_LOG (SESSION_ID,UINPUT,LAST_UPDATE) values ('WiSj6K8orSRZ','3',to_timestamp('24-AUG-23 11.36.20.888000000 AM','DD-MON-RR HH.MI.SSXFF AM'));
Insert into USSD.SESSION_LOG (SESSION_ID,UINPUT,LAST_UPDATE) values ('WiSj6K8orSRZ','1',to_timestamp('24-AUG-23 11.36.23.035000000 AM','DD-MON-RR HH.MI.SSXFF AM'));
Insert into USSD.SESSION_LOG (SESSION_ID,UINPUT,LAST_UPDATE) values ('WiSj6K8orSRZ','1',to_timestamp('24-AUG-23 11.36.23.611000000 AM','DD-MON-RR HH.MI.SSXFF AM'));
Insert into USSD.SESSION_LOG (SESSION_ID,UINPUT,LAST_UPDATE) values ('WiSj6K8orSRZ','01988776554',to_timestamp('24-AUG-23 11.36.25.908000000 AM','DD-MON-RR HH.MI.SSXFF AM'));
Insert into USSD.SESSION_LOG (SESSION_ID,UINPUT,LAST_UPDATE) values ('WiSj6K8orSRZ','33',to_timestamp('24-AUG-23 11.36.28.259000000 AM','DD-MON-RR HH.MI.SSXFF AM'));
Insert into USSD.SESSION_LOG (SESSION_ID,UINPUT,LAST_UPDATE) values ('WiSj6K8orSRZ','1570016',to_timestamp('24-AUG-23 11.43.04.686000000 AM','DD-MON-RR HH.MI.SSXFF AM'));
Insert into USSD.SESSION_LOG (SESSION_ID,UINPUT,LAST_UPDATE) values ('JnPao5aD1AcS','112',to_timestamp('24-AUG-23 11.44.30.995000000 AM','DD-MON-RR HH.MI.SSXFF AM'));
Insert into USSD.SESSION_LOG (SESSION_ID,UINPUT,LAST_UPDATE) values ('JnPao5aD1AcS','2',to_timestamp('24-AUG-23 11.44.28.666000000 AM','DD-MON-RR HH.MI.SSXFF AM'));
Insert into USSD.SESSION_LOG (SESSION_ID,UINPUT,LAST_UPDATE) values ('lmThhfUln8o6','3',to_timestamp('24-AUG-23 11.44.53.148000000 AM','DD-MON-RR HH.MI.SSXFF AM'));
Insert into USSD.SESSION_LOG (SESSION_ID,UINPUT,LAST_UPDATE) values ('lmThhfUln8o6','2',to_timestamp('24-AUG-23 11.44.59.023000000 AM','DD-MON-RR HH.MI.SSXFF AM'));
Insert into USSD.SESSION_LOG (SESSION_ID,UINPUT,LAST_UPDATE) values ('lmThhfUln8o6','2',to_timestamp('24-AUG-23 11.45.01.567000000 AM','DD-MON-RR HH.MI.SSXFF AM'));
Insert into USSD.SESSION_LOG (SESSION_ID,UINPUT,LAST_UPDATE) values ('lmThhfUln8o6','01987645345',to_timestamp('24-AUG-23 11.45.08.115000000 AM','DD-MON-RR HH.MI.SSXFF AM'));
Insert into USSD.SESSION_LOG (SESSION_ID,UINPUT,LAST_UPDATE) values ('lmThhfUln8o6','33',to_timestamp('24-AUG-23 11.45.12.928000000 AM','DD-MON-RR HH.MI.SSXFF AM'));
Insert into USSD.SESSION_LOG (SESSION_ID,UINPUT,LAST_UPDATE) values ('lmThhfUln8o6','1570016',to_timestamp('24-AUG-23 11.45.14.922000000 AM','DD-MON-RR HH.MI.SSXFF AM'));
Insert into USSD.SESSION_LOG (SESSION_ID,UINPUT,LAST_UPDATE) values ('V48DeQbm0UlL','3',to_timestamp('24-AUG-23 11.57.39.266000000 AM','DD-MON-RR HH.MI.SSXFF AM'));
Insert into USSD.SESSION_LOG (SESSION_ID,UINPUT,LAST_UPDATE) values ('V48DeQbm0UlL','3',to_timestamp('24-AUG-23 11.57.40.151000000 AM','DD-MON-RR HH.MI.SSXFF AM'));
Insert into USSD.SESSION_LOG (SESSION_ID,UINPUT,LAST_UPDATE) values ('V48DeQbm0UlL','2',to_timestamp('24-AUG-23 11.57.41.286000000 AM','DD-MON-RR HH.MI.SSXFF AM'));
Insert into USSD.SESSION_LOG (SESSION_ID,UINPUT,LAST_UPDATE) values ('V48DeQbm0UlL','01988776554',to_timestamp('24-AUG-23 11.57.45.421000000 AM','DD-MON-RR HH.MI.SSXFF AM'));
Insert into USSD.SESSION_LOG (SESSION_ID,UINPUT,LAST_UPDATE) values ('V48DeQbm0UlL','33',to_timestamp('24-AUG-23 11.57.47.825000000 AM','DD-MON-RR HH.MI.SSXFF AM'));
Insert into USSD.SESSION_LOG (SESSION_ID,UINPUT,LAST_UPDATE) values ('NqUzPeyzpIyF','1',to_timestamp('24-AUG-23 12.07.55.575000000 PM','DD-MON-RR HH.MI.SSXFF AM'));
Insert into USSD.SESSION_LOG (SESSION_ID,UINPUT,LAST_UPDATE) values ('V48DeQbm0UlL','1570016',to_timestamp('24-AUG-23 12.02.32.476000000 PM','DD-MON-RR HH.MI.SSXFF AM'));
Insert into USSD.SESSION_LOG (SESSION_ID,UINPUT,LAST_UPDATE) values ('NqUzPeyzpIyF','3',to_timestamp('24-AUG-23 12.07.38.541000000 PM','DD-MON-RR HH.MI.SSXFF AM'));
Insert into USSD.SESSION_LOG (SESSION_ID,UINPUT,LAST_UPDATE) values ('NqUzPeyzpIyF','2',to_timestamp('24-AUG-23 12.07.57.525000000 PM','DD-MON-RR HH.MI.SSXFF AM'));
Insert into USSD.SESSION_LOG (SESSION_ID,UINPUT,LAST_UPDATE) values ('NqUzPeyzpIyF','01988776554',to_timestamp('24-AUG-23 12.08.02.879000000 PM','DD-MON-RR HH.MI.SSXFF AM'));
Insert into USSD.SESSION_LOG (SESSION_ID,UINPUT,LAST_UPDATE) values ('NqUzPeyzpIyF','33',to_timestamp('24-AUG-23 12.08.04.997000000 PM','DD-MON-RR HH.MI.SSXFF AM'));
Insert into USSD.SESSION_LOG (SESSION_ID,UINPUT,LAST_UPDATE) values ('NqUzPeyzpIyF','1570016',to_timestamp('24-AUG-23 12.08.05.527000000 PM','DD-MON-RR HH.MI.SSXFF AM'));
Insert into USSD.SESSION_LOG (SESSION_ID,UINPUT,LAST_UPDATE) values ('sUPu4oPBqrg3','3',to_timestamp('27-AUG-23 10.21.58.345000000 AM','DD-MON-RR HH.MI.SSXFF AM'));
Insert into USSD.SESSION_LOG (SESSION_ID,UINPUT,LAST_UPDATE) values ('sUPu4oPBqrg3','3',to_timestamp('27-AUG-23 10.22.02.102000000 AM','DD-MON-RR HH.MI.SSXFF AM'));
Insert into USSD.SESSION_LOG (SESSION_ID,UINPUT,LAST_UPDATE) values ('sUPu4oPBqrg3','2',to_timestamp('27-AUG-23 10.22.02.949000000 AM','DD-MON-RR HH.MI.SSXFF AM'));
Insert into USSD.SESSION_LOG (SESSION_ID,UINPUT,LAST_UPDATE) values ('sUPu4oPBqrg3','01988776554',to_timestamp('27-AUG-23 10.22.07.820000000 AM','DD-MON-RR HH.MI.SSXFF AM'));
Insert into USSD.SESSION_LOG (SESSION_ID,UINPUT,LAST_UPDATE) values ('sUPu4oPBqrg3','3',to_timestamp('27-AUG-23 10.22.16.950000000 AM','DD-MON-RR HH.MI.SSXFF AM'));
Insert into USSD.SESSION_LOG (SESSION_ID,UINPUT,LAST_UPDATE) values ('sUPu4oPBqrg3','1570016',to_timestamp('27-AUG-23 10.22.19.173000000 AM','DD-MON-RR HH.MI.SSXFF AM'));
Insert into USSD.SESSION_LOG (SESSION_ID,UINPUT,LAST_UPDATE) values ('2UThS1RqD5zn','3',to_timestamp('27-AUG-23 10.23.26.269000000 AM','DD-MON-RR HH.MI.SSXFF AM'));
Insert into USSD.SESSION_LOG (SESSION_ID,UINPUT,LAST_UPDATE) values ('2UThS1RqD5zn','3',to_timestamp('27-AUG-23 10.23.30.268000000 AM','DD-MON-RR HH.MI.SSXFF AM'));
Insert into USSD.SESSION_LOG (SESSION_ID,UINPUT,LAST_UPDATE) values ('2UThS1RqD5zn','2',to_timestamp('27-AUG-23 10.23.32.327000000 AM','DD-MON-RR HH.MI.SSXFF AM'));
Insert into USSD.SESSION_LOG (SESSION_ID,UINPUT,LAST_UPDATE) values ('2UThS1RqD5zn','01988776554',to_timestamp('27-AUG-23 10.23.36.751000000 AM','DD-MON-RR HH.MI.SSXFF AM'));
Insert into USSD.SESSION_LOG (SESSION_ID,UINPUT,LAST_UPDATE) values ('2UThS1RqD5zn','3',to_timestamp('27-AUG-23 10.23.39.363000000 AM','DD-MON-RR HH.MI.SSXFF AM'));
Insert into USSD.SESSION_LOG (SESSION_ID,UINPUT,LAST_UPDATE) values ('2UThS1RqD5zn','1570016',to_timestamp('27-AUG-23 10.23.40.523000000 AM','DD-MON-RR HH.MI.SSXFF AM'));
Insert into USSD.SESSION_LOG (SESSION_ID,UINPUT,LAST_UPDATE) values ('AKPJScrpTEtX','3',to_timestamp('23-AUG-23 11.51.07.678000000 AM','DD-MON-RR HH.MI.SSXFF AM'));
Insert into USSD.SESSION_LOG (SESSION_ID,UINPUT,LAST_UPDATE) values ('AKPJScrpTEtX','5',to_timestamp('23-AUG-23 11.51.10.391000000 AM','DD-MON-RR HH.MI.SSXFF AM'));
Insert into USSD.SESSION_LOG (SESSION_ID,UINPUT,LAST_UPDATE) values ('AKPJScrpTEtX','2',to_timestamp('23-AUG-23 11.51.11.888000000 AM','DD-MON-RR HH.MI.SSXFF AM'));
Insert into USSD.SESSION_LOG (SESSION_ID,UINPUT,LAST_UPDATE) values ('AKPJScrpTEtX','01234567890',to_timestamp('23-AUG-23 11.51.20.649000000 AM','DD-MON-RR HH.MI.SSXFF AM'));
Insert into USSD.SESSION_LOG (SESSION_ID,UINPUT,LAST_UPDATE) values ('AKPJScrpTEtX','22',to_timestamp('23-AUG-23 11.51.25.281000000 AM','DD-MON-RR HH.MI.SSXFF AM'));
Insert into USSD.SESSION_LOG (SESSION_ID,UINPUT,LAST_UPDATE) values ('AKPJScrpTEtX','1570016',to_timestamp('23-AUG-23 11.51.28.157000000 AM','DD-MON-RR HH.MI.SSXFF AM'));
Insert into USSD.SESSION_LOG (SESSION_ID,UINPUT,LAST_UPDATE) values ('9M2Wu6tcdpxy','3',to_timestamp('23-AUG-23 11.51.39.617000000 AM','DD-MON-RR HH.MI.SSXFF AM'));
Insert into USSD.SESSION_LOG (SESSION_ID,UINPUT,LAST_UPDATE) values ('9M2Wu6tcdpxy','5',to_timestamp('23-AUG-23 11.51.40.788000000 AM','DD-MON-RR HH.MI.SSXFF AM'));
Insert into USSD.SESSION_LOG (SESSION_ID,UINPUT,LAST_UPDATE) values ('9M2Wu6tcdpxy','2',to_timestamp('23-AUG-23 11.51.42.273000000 AM','DD-MON-RR HH.MI.SSXFF AM'));
Insert into USSD.SESSION_LOG (SESSION_ID,UINPUT,LAST_UPDATE) values ('9M2Wu6tcdpxy','01766554332',to_timestamp('23-AUG-23 11.51.48.979000000 AM','DD-MON-RR HH.MI.SSXFF AM'));
Insert into USSD.SESSION_LOG (SESSION_ID,UINPUT,LAST_UPDATE) values ('9M2Wu6tcdpxy','11',to_timestamp('23-AUG-23 11.51.53.710000000 AM','DD-MON-RR HH.MI.SSXFF AM'));
Insert into USSD.SESSION_LOG (SESSION_ID,UINPUT,LAST_UPDATE) values ('9M2Wu6tcdpxy','1570016',to_timestamp('23-AUG-23 11.51.55.264000000 AM','DD-MON-RR HH.MI.SSXFF AM'));
Insert into USSD.SESSION_LOG (SESSION_ID,UINPUT,LAST_UPDATE) values ('5BfS6J4Fukke','5',to_timestamp('12-SEP-23 05.04.13.269000000 PM','DD-MON-RR HH.MI.SSXFF AM'));
Insert into USSD.SESSION_LOG (SESSION_ID,UINPUT,LAST_UPDATE) values ('5BfS6J4Fukke','n',to_timestamp('12-SEP-23 05.04.22.124000000 PM','DD-MON-RR HH.MI.SSXFF AM'));
Insert into USSD.SESSION_LOG (SESSION_ID,UINPUT,LAST_UPDATE) values ('5BfS6J4Fukke','n',to_timestamp('12-SEP-23 05.04.24.517000000 PM','DD-MON-RR HH.MI.SSXFF AM'));
Insert into USSD.SESSION_LOG (SESSION_ID,UINPUT,LAST_UPDATE) values ('5BfS6J4Fukke','n',to_timestamp('12-SEP-23 05.04.26.772000000 PM','DD-MON-RR HH.MI.SSXFF AM'));
Insert into USSD.SESSION_LOG (SESSION_ID,UINPUT,LAST_UPDATE) values ('5BfS6J4Fukke','p',to_timestamp('12-SEP-23 05.04.28.592000000 PM','DD-MON-RR HH.MI.SSXFF AM'));
Insert into USSD.SESSION_LOG (SESSION_ID,UINPUT,LAST_UPDATE) values ('5BfS6J4Fukke','p',to_timestamp('12-SEP-23 05.04.29.759000000 PM','DD-MON-RR HH.MI.SSXFF AM'));
Insert into USSD.SESSION_LOG (SESSION_ID,UINPUT,LAST_UPDATE) values ('5BfS6J4Fukke','p',to_timestamp('12-SEP-23 05.04.32.698000000 PM','DD-MON-RR HH.MI.SSXFF AM'));
Insert into USSD.SESSION_LOG (SESSION_ID,UINPUT,LAST_UPDATE) values ('jSIc0cQIz2BU','5',to_timestamp('12-SEP-23 06.22.50.269000000 PM','DD-MON-RR HH.MI.SSXFF AM'));
Insert into USSD.SESSION_LOG (SESSION_ID,UINPUT,LAST_UPDATE) values ('jSIc0cQIz2BU','n',to_timestamp('12-SEP-23 06.22.54.039000000 PM','DD-MON-RR HH.MI.SSXFF AM'));
Insert into USSD.SESSION_LOG (SESSION_ID,UINPUT,LAST_UPDATE) values ('jSIc0cQIz2BU','n',to_timestamp('12-SEP-23 06.22.55.445000000 PM','DD-MON-RR HH.MI.SSXFF AM'));
Insert into USSD.SESSION_LOG (SESSION_ID,UINPUT,LAST_UPDATE) values ('jSIc0cQIz2BU','p',to_timestamp('12-SEP-23 06.22.57.814000000 PM','DD-MON-RR HH.MI.SSXFF AM'));
Insert into USSD.SESSION_LOG (SESSION_ID,UINPUT,LAST_UPDATE) values ('jSIc0cQIz2BU','p',to_timestamp('12-SEP-23 06.22.58.381000000 PM','DD-MON-RR HH.MI.SSXFF AM'));
Insert into USSD.SESSION_LOG (SESSION_ID,UINPUT,LAST_UPDATE) values ('jSIc0cQIz2BU','p',to_timestamp('12-SEP-23 06.22.59.094000000 PM','DD-MON-RR HH.MI.SSXFF AM'));
Insert into USSD.SESSION_LOG (SESSION_ID,UINPUT,LAST_UPDATE) values ('GHA6t24W9HpV','5',to_timestamp('13-SEP-23 12.25.42.390000000 PM','DD-MON-RR HH.MI.SSXFF AM'));
Insert into USSD.SESSION_LOG (SESSION_ID,UINPUT,LAST_UPDATE) values ('8m2nswJe3yvw','5',to_timestamp('13-SEP-23 12.44.09.333000000 PM','DD-MON-RR HH.MI.SSXFF AM'));
Insert into USSD.SESSION_LOG (SESSION_ID,UINPUT,LAST_UPDATE) values ('8m2nswJe3yvw','n',to_timestamp('13-SEP-23 12.44.32.403000000 PM','DD-MON-RR HH.MI.SSXFF AM'));
Insert into USSD.SESSION_LOG (SESSION_ID,UINPUT,LAST_UPDATE) values ('8m2nswJe3yvw','n',to_timestamp('13-SEP-23 12.44.38.859000000 PM','DD-MON-RR HH.MI.SSXFF AM'));
Insert into USSD.SESSION_LOG (SESSION_ID,UINPUT,LAST_UPDATE) values ('8m2nswJe3yvw','n',to_timestamp('13-SEP-23 12.44.47.289000000 PM','DD-MON-RR HH.MI.SSXFF AM'));
Insert into USSD.SESSION_LOG (SESSION_ID,UINPUT,LAST_UPDATE) values ('8m2nswJe3yvw','p',to_timestamp('13-SEP-23 12.44.53.355000000 PM','DD-MON-RR HH.MI.SSXFF AM'));
Insert into USSD.SESSION_LOG (SESSION_ID,UINPUT,LAST_UPDATE) values ('8m2nswJe3yvw','p',to_timestamp('13-SEP-23 12.44.58.393000000 PM','DD-MON-RR HH.MI.SSXFF AM'));
Insert into USSD.SESSION_LOG (SESSION_ID,UINPUT,LAST_UPDATE) values ('8m2nswJe3yvw','p',to_timestamp('13-SEP-23 12.45.02.531000000 PM','DD-MON-RR HH.MI.SSXFF AM'));
Insert into USSD.SESSION_LOG (SESSION_ID,UINPUT,LAST_UPDATE) values ('8m2nswJe3yvw','n',to_timestamp('13-SEP-23 12.45.09.202000000 PM','DD-MON-RR HH.MI.SSXFF AM'));
Insert into USSD.SESSION_LOG (SESSION_ID,UINPUT,LAST_UPDATE) values ('8m2nswJe3yvw','2',to_timestamp('13-SEP-23 12.49.31.400000000 PM','DD-MON-RR HH.MI.SSXFF AM'));
Insert into USSD.SESSION_LOG (SESSION_ID,UINPUT,LAST_UPDATE) values ('OtipgsSTnH5e','5',to_timestamp('13-SEP-23 12.53.21.354000000 PM','DD-MON-RR HH.MI.SSXFF AM'));
Insert into USSD.SESSION_LOG (SESSION_ID,UINPUT,LAST_UPDATE) values ('OtipgsSTnH5e','2',to_timestamp('13-SEP-23 12.53.24.371000000 PM','DD-MON-RR HH.MI.SSXFF AM'));
Insert into USSD.SESSION_LOG (SESSION_ID,UINPUT,LAST_UPDATE) values ('cuDIGW9MoOqL','5',to_timestamp('13-SEP-23 12.53.28.381000000 PM','DD-MON-RR HH.MI.SSXFF AM'));
Insert into USSD.SESSION_LOG (SESSION_ID,UINPUT,LAST_UPDATE) values ('cuDIGW9MoOqL','n',to_timestamp('13-SEP-23 12.53.30.394000000 PM','DD-MON-RR HH.MI.SSXFF AM'));
Insert into USSD.SESSION_LOG (SESSION_ID,UINPUT,LAST_UPDATE) values ('cuDIGW9MoOqL','2',to_timestamp('13-SEP-23 12.53.35.112000000 PM','DD-MON-RR HH.MI.SSXFF AM'));
Insert into USSD.SESSION_LOG (SESSION_ID,UINPUT,LAST_UPDATE) values ('j3mXMuScZrzJ','5',to_timestamp('13-SEP-23 12.54.42.398000000 PM','DD-MON-RR HH.MI.SSXFF AM'));
Insert into USSD.SESSION_LOG (SESSION_ID,UINPUT,LAST_UPDATE) values ('j3mXMuScZrzJ','n',to_timestamp('13-SEP-23 12.54.44.804000000 PM','DD-MON-RR HH.MI.SSXFF AM'));
Insert into USSD.SESSION_LOG (SESSION_ID,UINPUT,LAST_UPDATE) values ('j3mXMuScZrzJ','2',to_timestamp('13-SEP-23 12.56.09.145000000 PM','DD-MON-RR HH.MI.SSXFF AM'));
Insert into USSD.SESSION_LOG (SESSION_ID,UINPUT,LAST_UPDATE) values ('MV2wLlA8ql9L','5',to_timestamp('22-AUG-23 01.17.03.085000000 PM','DD-MON-RR HH.MI.SSXFF AM'));
Insert into USSD.SESSION_LOG (SESSION_ID,UINPUT,LAST_UPDATE) values ('uXnqNVFIkRPR','3',to_timestamp('22-AUG-23 01.17.05.567000000 PM','DD-MON-RR HH.MI.SSXFF AM'));
Insert into USSD.SESSION_LOG (SESSION_ID,UINPUT,LAST_UPDATE) values ('uXnqNVFIkRPR','5',to_timestamp('22-AUG-23 01.17.06.918000000 PM','DD-MON-RR HH.MI.SSXFF AM'));
Insert into USSD.SESSION_LOG (SESSION_ID,UINPUT,LAST_UPDATE) values ('uXnqNVFIkRPR','2',to_timestamp('22-AUG-23 01.17.08.345000000 PM','DD-MON-RR HH.MI.SSXFF AM'));
Insert into USSD.SESSION_LOG (SESSION_ID,UINPUT,LAST_UPDATE) values ('uXnqNVFIkRPR','01777777777',to_timestamp('22-AUG-23 01.17.13.088000000 PM','DD-MON-RR HH.MI.SSXFF AM'));
Insert into USSD.SESSION_LOG (SESSION_ID,UINPUT,LAST_UPDATE) values ('uXnqNVFIkRPR','33',to_timestamp('22-AUG-23 01.17.17.791000000 PM','DD-MON-RR HH.MI.SSXFF AM'));
Insert into USSD.SESSION_LOG (SESSION_ID,UINPUT,LAST_UPDATE) values ('uXnqNVFIkRPR','1570016',to_timestamp('22-AUG-23 01.17.19.391000000 PM','DD-MON-RR HH.MI.SSXFF AM'));
Insert into USSD.SESSION_LOG (SESSION_ID,UINPUT,LAST_UPDATE) values ('OIN5Y1N12wM6','5',to_timestamp('12-SEP-23 04.39.48.756000000 PM','DD-MON-RR HH.MI.SSXFF AM'));
Insert into USSD.SESSION_LOG (SESSION_ID,UINPUT,LAST_UPDATE) values ('x6yz9guJdtwM','5',to_timestamp('12-SEP-23 04.41.19.937000000 PM','DD-MON-RR HH.MI.SSXFF AM'));
Insert into USSD.SESSION_LOG (SESSION_ID,UINPUT,LAST_UPDATE) values ('x6yz9guJdtwM','5',to_timestamp('12-SEP-23 04.41.55.392000000 PM','DD-MON-RR HH.MI.SSXFF AM'));
Insert into USSD.SESSION_LOG (SESSION_ID,UINPUT,LAST_UPDATE) values ('KDCnyFcJoQX0','5',to_timestamp('12-SEP-23 04.42.17.598000000 PM','DD-MON-RR HH.MI.SSXFF AM'));
Insert into USSD.SESSION_LOG (SESSION_ID,UINPUT,LAST_UPDATE) values ('cDr7874j843y','5',to_timestamp('12-SEP-23 04.43.48.635000000 PM','DD-MON-RR HH.MI.SSXFF AM'));
Insert into USSD.SESSION_LOG (SESSION_ID,UINPUT,LAST_UPDATE) values ('cxy0vbyQUJnN','5',to_timestamp('12-SEP-23 04.45.52.336000000 PM','DD-MON-RR HH.MI.SSXFF AM'));
Insert into USSD.SESSION_LOG (SESSION_ID,UINPUT,LAST_UPDATE) values ('5br7WaZwS7L8','5',to_timestamp('12-SEP-23 04.46.14.068000000 PM','DD-MON-RR HH.MI.SSXFF AM'));
Insert into USSD.SESSION_LOG (SESSION_ID,UINPUT,LAST_UPDATE) values ('p3Jd85lurZZT','5',to_timestamp('12-SEP-23 04.47.27.300000000 PM','DD-MON-RR HH.MI.SSXFF AM'));
Insert into USSD.SESSION_LOG (SESSION_ID,UINPUT,LAST_UPDATE) values ('LT6Ua798Bt63','5',to_timestamp('12-SEP-23 04.48.29.669000000 PM','DD-MON-RR HH.MI.SSXFF AM'));
Insert into USSD.SESSION_LOG (SESSION_ID,UINPUT,LAST_UPDATE) values ('4KzClW7Zbgin','5',to_timestamp('12-SEP-23 04.49.35.542000000 PM','DD-MON-RR HH.MI.SSXFF AM'));
Insert into USSD.SESSION_LOG (SESSION_ID,UINPUT,LAST_UPDATE) values ('qlWdE86J0dO1','5',to_timestamp('12-SEP-23 04.50.15.794000000 PM','DD-MON-RR HH.MI.SSXFF AM'));
Insert into USSD.SESSION_LOG (SESSION_ID,UINPUT,LAST_UPDATE) values ('vasSkCB0aIvS','5',to_timestamp('12-SEP-23 04.51.49.069000000 PM','DD-MON-RR HH.MI.SSXFF AM'));
Insert into USSD.SESSION_LOG (SESSION_ID,UINPUT,LAST_UPDATE) values ('TARuzr2iurb0','5',to_timestamp('12-SEP-23 04.53.37.796000000 PM','DD-MON-RR HH.MI.SSXFF AM'));
Insert into USSD.SESSION_LOG (SESSION_ID,UINPUT,LAST_UPDATE) values ('L7jdOAW2ggXp','5',to_timestamp('12-SEP-23 04.57.11.195000000 PM','DD-MON-RR HH.MI.SSXFF AM'));
Insert into USSD.SESSION_LOG (SESSION_ID,UINPUT,LAST_UPDATE) values ('L7jdOAW2ggXp','n',to_timestamp('12-SEP-23 04.57.52.869000000 PM','DD-MON-RR HH.MI.SSXFF AM'));
Insert into USSD.SESSION_LOG (SESSION_ID,UINPUT,LAST_UPDATE) values ('AHHjcQluHEZh','5',to_timestamp('13-SEP-23 12.59.36.775000000 PM','DD-MON-RR HH.MI.SSXFF AM'));
Insert into USSD.SESSION_LOG (SESSION_ID,UINPUT,LAST_UPDATE) values ('AHHjcQluHEZh','n',to_timestamp('13-SEP-23 12.59.38.397000000 PM','DD-MON-RR HH.MI.SSXFF AM'));
Insert into USSD.SESSION_LOG (SESSION_ID,UINPUT,LAST_UPDATE) values ('AHHjcQluHEZh','4',to_timestamp('13-SEP-23 12.59.40.686000000 PM','DD-MON-RR HH.MI.SSXFF AM'));
Insert into USSD.SESSION_LOG (SESSION_ID,UINPUT,LAST_UPDATE) values ('9ApDDs5xH4nb','6',to_timestamp('13-SEP-23 05.26.07.274000000 PM','DD-MON-RR HH.MI.SSXFF AM'));
Insert into USSD.SESSION_LOG (SESSION_ID,UINPUT,LAST_UPDATE) values ('zY3uiAGDL14d','6',to_timestamp('13-SEP-23 05.29.28.433000000 PM','DD-MON-RR HH.MI.SSXFF AM'));
Insert into USSD.SESSION_LOG (SESSION_ID,UINPUT,LAST_UPDATE) values ('zY3uiAGDL14d','n',to_timestamp('13-SEP-23 05.29.30.330000000 PM','DD-MON-RR HH.MI.SSXFF AM'));
Insert into USSD.SESSION_LOG (SESSION_ID,UINPUT,LAST_UPDATE) values ('zY3uiAGDL14d','n',to_timestamp('13-SEP-23 05.29.31.285000000 PM','DD-MON-RR HH.MI.SSXFF AM'));
Insert into USSD.SESSION_LOG (SESSION_ID,UINPUT,LAST_UPDATE) values ('zY3uiAGDL14d','p',to_timestamp('13-SEP-23 05.29.33.392000000 PM','DD-MON-RR HH.MI.SSXFF AM'));
Insert into USSD.SESSION_LOG (SESSION_ID,UINPUT,LAST_UPDATE) values ('zY3uiAGDL14d','p',to_timestamp('13-SEP-23 05.29.34.942000000 PM','DD-MON-RR HH.MI.SSXFF AM'));
Insert into USSD.SESSION_LOG (SESSION_ID,UINPUT,LAST_UPDATE) values ('2dVXoYCxrKTU','6',to_timestamp('13-SEP-23 05.29.46.625000000 PM','DD-MON-RR HH.MI.SSXFF AM'));
Insert into USSD.SESSION_LOG (SESSION_ID,UINPUT,LAST_UPDATE) values ('2dVXoYCxrKTU','n',to_timestamp('13-SEP-23 05.29.49.963000000 PM','DD-MON-RR HH.MI.SSXFF AM'));
Insert into USSD.SESSION_LOG (SESSION_ID,UINPUT,LAST_UPDATE) values ('2dVXoYCxrKTU','4',to_timestamp('13-SEP-23 05.29.53.004000000 PM','DD-MON-RR HH.MI.SSXFF AM'));
Insert into USSD.SESSION_LOG (SESSION_ID,UINPUT,LAST_UPDATE) values ('4gelTtvmVOJZ','n',to_timestamp('13-SEP-23 06.50.49.682000000 PM','DD-MON-RR HH.MI.SSXFF AM'));
Insert into USSD.SESSION_LOG (SESSION_ID,UINPUT,LAST_UPDATE) values ('XdR9iMq5sD3g','5',to_timestamp('13-SEP-23 06.50.57.035000000 PM','DD-MON-RR HH.MI.SSXFF AM'));
Insert into USSD.SESSION_LOG (SESSION_ID,UINPUT,LAST_UPDATE) values ('XdR9iMq5sD3g','n',to_timestamp('13-SEP-23 06.51.01.418000000 PM','DD-MON-RR HH.MI.SSXFF AM'));
Insert into USSD.SESSION_LOG (SESSION_ID,UINPUT,LAST_UPDATE) values ('XdR9iMq5sD3g','n',to_timestamp('13-SEP-23 06.51.03.313000000 PM','DD-MON-RR HH.MI.SSXFF AM'));
Insert into USSD.SESSION_LOG (SESSION_ID,UINPUT,LAST_UPDATE) values ('XdR9iMq5sD3g','n',to_timestamp('13-SEP-23 06.51.04.144000000 PM','DD-MON-RR HH.MI.SSXFF AM'));
Insert into USSD.SESSION_LOG (SESSION_ID,UINPUT,LAST_UPDATE) values ('XdR9iMq5sD3g','n',to_timestamp('13-SEP-23 06.51.05.345000000 PM','DD-MON-RR HH.MI.SSXFF AM'));
Insert into USSD.SESSION_LOG (SESSION_ID,UINPUT,LAST_UPDATE) values ('DyPPvd79EU2Q','7',to_timestamp('31-AUG-23 12.02.46.457000000 PM','DD-MON-RR HH.MI.SSXFF AM'));
Insert into USSD.SESSION_LOG (SESSION_ID,UINPUT,LAST_UPDATE) values ('DyPPvd79EU2Q','2',to_timestamp('31-AUG-23 12.02.49.674000000 PM','DD-MON-RR HH.MI.SSXFF AM'));
Insert into USSD.SESSION_LOG (SESSION_ID,UINPUT,LAST_UPDATE) values ('DyPPvd79EU2Q','1570016',to_timestamp('31-AUG-23 12.02.52.399000000 PM','DD-MON-RR HH.MI.SSXFF AM'));
Insert into USSD.SESSION_LOG (SESSION_ID,UINPUT,LAST_UPDATE) values ('w9giRCfKilO8','3',to_timestamp('31-AUG-23 06.10.50.710000000 PM','DD-MON-RR HH.MI.SSXFF AM'));
Insert into USSD.SESSION_LOG (SESSION_ID,UINPUT,LAST_UPDATE) values ('w9giRCfKilO8','3',to_timestamp('31-AUG-23 06.10.51.149000000 PM','DD-MON-RR HH.MI.SSXFF AM'));
Insert into USSD.SESSION_LOG (SESSION_ID,UINPUT,LAST_UPDATE) values ('w9giRCfKilO8','2',to_timestamp('31-AUG-23 06.10.55.156000000 PM','DD-MON-RR HH.MI.SSXFF AM'));
Insert into USSD.SESSION_LOG (SESSION_ID,UINPUT,LAST_UPDATE) values ('w9giRCfKilO8','01777886885',to_timestamp('31-AUG-23 06.10.59.358000000 PM','DD-MON-RR HH.MI.SSXFF AM'));
Insert into USSD.SESSION_LOG (SESSION_ID,UINPUT,LAST_UPDATE) values ('w9giRCfKilO8','3',to_timestamp('31-AUG-23 06.11.04.026000000 PM','DD-MON-RR HH.MI.SSXFF AM'));
Insert into USSD.SESSION_LOG (SESSION_ID,UINPUT,LAST_UPDATE) values ('w9giRCfKilO8','1570016',to_timestamp('31-AUG-23 06.11.04.954000000 PM','DD-MON-RR HH.MI.SSXFF AM'));
Insert into USSD.SESSION_LOG (SESSION_ID,UINPUT,LAST_UPDATE) values ('DRR2Pz0YMjXk','3',to_timestamp('31-AUG-23 06.12.06.381000000 PM','DD-MON-RR HH.MI.SSXFF AM'));
Insert into USSD.SESSION_LOG (SESSION_ID,UINPUT,LAST_UPDATE) values ('a0Y7A2ELIMGm','20',to_timestamp('22-AUG-23 01.12.55.960000000 PM','DD-MON-RR HH.MI.SSXFF AM'));
Insert into USSD.SESSION_LOG (SESSION_ID,UINPUT,LAST_UPDATE) values ('a0Y7A2ELIMGm','1570016',to_timestamp('22-AUG-23 01.12.57.761000000 PM','DD-MON-RR HH.MI.SSXFF AM'));
Insert into USSD.SESSION_LOG (SESSION_ID,UINPUT,LAST_UPDATE) values ('9DJL3eRQLFvs','3',to_timestamp('22-AUG-23 01.14.26.060000000 PM','DD-MON-RR HH.MI.SSXFF AM'));
Insert into USSD.SESSION_LOG (SESSION_ID,UINPUT,LAST_UPDATE) values ('9DJL3eRQLFvs','5',to_timestamp('22-AUG-23 01.14.27.396000000 PM','DD-MON-RR HH.MI.SSXFF AM'));
Insert into USSD.SESSION_LOG (SESSION_ID,UINPUT,LAST_UPDATE) values ('9DJL3eRQLFvs','2',to_timestamp('22-AUG-23 01.14.30.379000000 PM','DD-MON-RR HH.MI.SSXFF AM'));
Insert into USSD.SESSION_LOG (SESSION_ID,UINPUT,LAST_UPDATE) values ('9DJL3eRQLFvs','01777777777',to_timestamp('22-AUG-23 01.14.59.615000000 PM','DD-MON-RR HH.MI.SSXFF AM'));
Insert into USSD.SESSION_LOG (SESSION_ID,UINPUT,LAST_UPDATE) values ('9DJL3eRQLFvs','33',to_timestamp('22-AUG-23 01.15.03.468000000 PM','DD-MON-RR HH.MI.SSXFF AM'));
Insert into USSD.SESSION_LOG (SESSION_ID,UINPUT,LAST_UPDATE) values ('9DJL3eRQLFvs','1570016',to_timestamp('22-AUG-23 01.15.05.607000000 PM','DD-MON-RR HH.MI.SSXFF AM'));
Insert into USSD.SESSION_LOG (SESSION_ID,UINPUT,LAST_UPDATE) values ('ki5EJrfT1Awb','7',to_timestamp('31-AUG-23 12.02.35.285000000 PM','DD-MON-RR HH.MI.SSXFF AM'));
Insert into USSD.SESSION_LOG (SESSION_ID,UINPUT,LAST_UPDATE) values ('ki5EJrfT1Awb','3',to_timestamp('31-AUG-23 12.02.42.707000000 PM','DD-MON-RR HH.MI.SSXFF AM'));
Insert into USSD.SESSION_LOG (SESSION_ID,UINPUT,LAST_UPDATE) values ('DRR2Pz0YMjXk','3',to_timestamp('31-AUG-23 06.12.08.110000000 PM','DD-MON-RR HH.MI.SSXFF AM'));
Insert into USSD.SESSION_LOG (SESSION_ID,UINPUT,LAST_UPDATE) values ('DRR2Pz0YMjXk','2',to_timestamp('31-AUG-23 06.12.09.126000000 PM','DD-MON-RR HH.MI.SSXFF AM'));
Insert into USSD.SESSION_LOG (SESSION_ID,UINPUT,LAST_UPDATE) values ('DRR2Pz0YMjXk','01755883664',to_timestamp('31-AUG-23 06.12.12.788000000 PM','DD-MON-RR HH.MI.SSXFF AM'));
Insert into USSD.SESSION_LOG (SESSION_ID,UINPUT,LAST_UPDATE) values ('DRR2Pz0YMjXk','3',to_timestamp('31-AUG-23 06.12.14.920000000 PM','DD-MON-RR HH.MI.SSXFF AM'));
Insert into USSD.SESSION_LOG (SESSION_ID,UINPUT,LAST_UPDATE) values ('DRR2Pz0YMjXk','1570016',to_timestamp('31-AUG-23 06.12.15.798000000 PM','DD-MON-RR HH.MI.SSXFF AM'));
Insert into USSD.SESSION_LOG (SESSION_ID,UINPUT,LAST_UPDATE) values ('59aHnV2wHFIl','5',to_timestamp('12-SEP-23 05.12.16.295000000 PM','DD-MON-RR HH.MI.SSXFF AM'));
Insert into USSD.SESSION_LOG (SESSION_ID,UINPUT,LAST_UPDATE) values ('1MnA9gmdORpU','5',to_timestamp('12-SEP-23 05.12.25.736000000 PM','DD-MON-RR HH.MI.SSXFF AM'));
Insert into USSD.SESSION_LOG (SESSION_ID,UINPUT,LAST_UPDATE) values ('nfhEpPp6UxNY','5',to_timestamp('12-SEP-23 05.12.42.834000000 PM','DD-MON-RR HH.MI.SSXFF AM'));
Insert into USSD.SESSION_LOG (SESSION_ID,UINPUT,LAST_UPDATE) values ('Dwjwm9Bbhp1O','5',to_timestamp('12-SEP-23 05.13.18.595000000 PM','DD-MON-RR HH.MI.SSXFF AM'));
Insert into USSD.SESSION_LOG (SESSION_ID,UINPUT,LAST_UPDATE) values ('MUrsxEzxAngg','5',to_timestamp('12-SEP-23 05.15.29.065000000 PM','DD-MON-RR HH.MI.SSXFF AM'));
Insert into USSD.SESSION_LOG (SESSION_ID,UINPUT,LAST_UPDATE) values ('MUrsxEzxAngg','p',to_timestamp('12-SEP-23 05.15.43.964000000 PM','DD-MON-RR HH.MI.SSXFF AM'));
Insert into USSD.SESSION_LOG (SESSION_ID,UINPUT,LAST_UPDATE) values ('MUrsxEzxAngg','n',to_timestamp('12-SEP-23 05.15.52.891000000 PM','DD-MON-RR HH.MI.SSXFF AM'));
Insert into USSD.SESSION_LOG (SESSION_ID,UINPUT,LAST_UPDATE) values ('MUrsxEzxAngg','n',to_timestamp('12-SEP-23 05.15.54.378000000 PM','DD-MON-RR HH.MI.SSXFF AM'));
Insert into USSD.SESSION_LOG (SESSION_ID,UINPUT,LAST_UPDATE) values ('MUrsxEzxAngg','n',to_timestamp('12-SEP-23 05.15.55.683000000 PM','DD-MON-RR HH.MI.SSXFF AM'));
Insert into USSD.SESSION_LOG (SESSION_ID,UINPUT,LAST_UPDATE) values ('MUrsxEzxAngg','n',to_timestamp('12-SEP-23 05.15.56.412000000 PM','DD-MON-RR HH.MI.SSXFF AM'));
Insert into USSD.SESSION_LOG (SESSION_ID,UINPUT,LAST_UPDATE) values ('MUrsxEzxAngg','p',to_timestamp('12-SEP-23 05.15.58.106000000 PM','DD-MON-RR HH.MI.SSXFF AM'));
Insert into USSD.SESSION_LOG (SESSION_ID,UINPUT,LAST_UPDATE) values ('MUrsxEzxAngg','p',to_timestamp('12-SEP-23 05.15.59.634000000 PM','DD-MON-RR HH.MI.SSXFF AM'));
Insert into USSD.SESSION_LOG (SESSION_ID,UINPUT,LAST_UPDATE) values ('uLtlPEyMEyx4','5',to_timestamp('13-SEP-23 01.00.57.152000000 PM','DD-MON-RR HH.MI.SSXFF AM'));
Insert into USSD.SESSION_LOG (SESSION_ID,UINPUT,LAST_UPDATE) values ('oSk4EjKs7tzk','5',to_timestamp('13-SEP-23 01.01.02.095000000 PM','DD-MON-RR HH.MI.SSXFF AM'));
Insert into USSD.SESSION_LOG (SESSION_ID,UINPUT,LAST_UPDATE) values ('oSk4EjKs7tzk','n',to_timestamp('13-SEP-23 01.01.03.834000000 PM','DD-MON-RR HH.MI.SSXFF AM'));
Insert into USSD.SESSION_LOG (SESSION_ID,UINPUT,LAST_UPDATE) values ('oSk4EjKs7tzk','n',to_timestamp('13-SEP-23 01.01.04.534000000 PM','DD-MON-RR HH.MI.SSXFF AM'));
Insert into USSD.SESSION_LOG (SESSION_ID,UINPUT,LAST_UPDATE) values ('oSk4EjKs7tzk','p',to_timestamp('13-SEP-23 01.01.06.666000000 PM','DD-MON-RR HH.MI.SSXFF AM'));
Insert into USSD.SESSION_LOG (SESSION_ID,UINPUT,LAST_UPDATE) values ('oSk4EjKs7tzk','3',to_timestamp('13-SEP-23 01.01.08.812000000 PM','DD-MON-RR HH.MI.SSXFF AM'));
Insert into USSD.SESSION_LOG (SESSION_ID,UINPUT,LAST_UPDATE) values ('oSk4EjKs7tzk','5',to_timestamp('13-SEP-23 01.01.25.529000000 PM','DD-MON-RR HH.MI.SSXFF AM'));
Insert into USSD.SESSION_LOG (SESSION_ID,UINPUT,LAST_UPDATE) values ('oSk4EjKs7tzk','1570016',to_timestamp('13-SEP-23 01.01.27.870000000 PM','DD-MON-RR HH.MI.SSXFF AM'));
Insert into USSD.SESSION_LOG (SESSION_ID,UINPUT,LAST_UPDATE) values ('aalua93nL23k','3',to_timestamp('23-AUG-23 11.11.11.134000000 AM','DD-MON-RR HH.MI.SSXFF AM'));
Insert into USSD.SESSION_LOG (SESSION_ID,UINPUT,LAST_UPDATE) values ('aalua93nL23k','5',to_timestamp('23-AUG-23 11.11.16.155000000 AM','DD-MON-RR HH.MI.SSXFF AM'));
Insert into USSD.SESSION_LOG (SESSION_ID,UINPUT,LAST_UPDATE) values ('aalua93nL23k','2',to_timestamp('23-AUG-23 11.11.18.054000000 AM','DD-MON-RR HH.MI.SSXFF AM'));
Insert into USSD.SESSION_LOG (SESSION_ID,UINPUT,LAST_UPDATE) values ('aalua93nL23k','01888888888',to_timestamp('23-AUG-23 11.11.22.512000000 AM','DD-MON-RR HH.MI.SSXFF AM'));
Insert into USSD.SESSION_LOG (SESSION_ID,UINPUT,LAST_UPDATE) values ('aalua93nL23k','33',to_timestamp('23-AUG-23 11.11.25.623000000 AM','DD-MON-RR HH.MI.SSXFF AM'));
Insert into USSD.SESSION_LOG (SESSION_ID,UINPUT,LAST_UPDATE) values ('aalua93nL23k','1570016',to_timestamp('23-AUG-23 11.11.26.575000000 AM','DD-MON-RR HH.MI.SSXFF AM'));
Insert into USSD.SESSION_LOG (SESSION_ID,UINPUT,LAST_UPDATE) values ('XbOf2axbmANM','3',to_timestamp('23-AUG-23 11.12.20.584000000 AM','DD-MON-RR HH.MI.SSXFF AM'));
Insert into USSD.SESSION_LOG (SESSION_ID,UINPUT,LAST_UPDATE) values ('XbOf2axbmANM','5',to_timestamp('23-AUG-23 11.12.22.195000000 AM','DD-MON-RR HH.MI.SSXFF AM'));
Insert into USSD.SESSION_LOG (SESSION_ID,UINPUT,LAST_UPDATE) values ('XbOf2axbmANM','2',to_timestamp('23-AUG-23 11.12.23.259000000 AM','DD-MON-RR HH.MI.SSXFF AM'));
Insert into USSD.SESSION_LOG (SESSION_ID,UINPUT,LAST_UPDATE) values ('XbOf2axbmANM','01888888888',to_timestamp('23-AUG-23 11.12.27.157000000 AM','DD-MON-RR HH.MI.SSXFF AM'));
Insert into USSD.SESSION_LOG (SESSION_ID,UINPUT,LAST_UPDATE) values ('XbOf2axbmANM','33',to_timestamp('23-AUG-23 11.12.29.983000000 AM','DD-MON-RR HH.MI.SSXFF AM'));
Insert into USSD.SESSION_LOG (SESSION_ID,UINPUT,LAST_UPDATE) values ('XbOf2axbmANM','1570016',to_timestamp('23-AUG-23 11.12.30.752000000 AM','DD-MON-RR HH.MI.SSXFF AM'));
Insert into USSD.SESSION_LOG (SESSION_ID,UINPUT,LAST_UPDATE) values ('DYmHReZE9kNV','3',to_timestamp('23-AUG-23 11.16.47.061000000 AM','DD-MON-RR HH.MI.SSXFF AM'));
Insert into USSD.SESSION_LOG (SESSION_ID,UINPUT,LAST_UPDATE) values ('DYmHReZE9kNV','5',to_timestamp('23-AUG-23 11.16.48.944000000 AM','DD-MON-RR HH.MI.SSXFF AM'));
Insert into USSD.SESSION_LOG (SESSION_ID,UINPUT,LAST_UPDATE) values ('DYmHReZE9kNV','2',to_timestamp('23-AUG-23 11.16.50.095000000 AM','DD-MON-RR HH.MI.SSXFF AM'));
Insert into USSD.SESSION_LOG (SESSION_ID,UINPUT,LAST_UPDATE) values ('DYmHReZE9kNV','01999999999',to_timestamp('23-AUG-23 11.16.54.602000000 AM','DD-MON-RR HH.MI.SSXFF AM'));
Insert into USSD.SESSION_LOG (SESSION_ID,UINPUT,LAST_UPDATE) values ('DYmHReZE9kNV','0199999999933',to_timestamp('23-AUG-23 11.16.55.916000000 AM','DD-MON-RR HH.MI.SSXFF AM'));
Insert into USSD.SESSION_LOG (SESSION_ID,UINPUT,LAST_UPDATE) values ('DYmHReZE9kNV','1570016',to_timestamp('23-AUG-23 11.16.59.406000000 AM','DD-MON-RR HH.MI.SSXFF AM'));
Insert into USSD.SESSION_LOG (SESSION_ID,UINPUT,LAST_UPDATE) values ('z3GJb6dIqe5r','3',to_timestamp('23-AUG-23 11.17.27.243000000 AM','DD-MON-RR HH.MI.SSXFF AM'));
Insert into USSD.SESSION_LOG (SESSION_ID,UINPUT,LAST_UPDATE) values ('z3GJb6dIqe5r','5',to_timestamp('23-AUG-23 11.17.28.108000000 AM','DD-MON-RR HH.MI.SSXFF AM'));
Insert into USSD.SESSION_LOG (SESSION_ID,UINPUT,LAST_UPDATE) values ('z3GJb6dIqe5r','2',to_timestamp('23-AUG-23 11.17.29.955000000 AM','DD-MON-RR HH.MI.SSXFF AM'));
Insert into USSD.SESSION_LOG (SESSION_ID,UINPUT,LAST_UPDATE) values ('z3GJb6dIqe5r','01999999999',to_timestamp('23-AUG-23 11.17.34.318000000 AM','DD-MON-RR HH.MI.SSXFF AM'));
Insert into USSD.SESSION_LOG (SESSION_ID,UINPUT,LAST_UPDATE) values ('z3GJb6dIqe5r','33',to_timestamp('23-AUG-23 11.17.36.908000000 AM','DD-MON-RR HH.MI.SSXFF AM'));
Insert into USSD.SESSION_LOG (SESSION_ID,UINPUT,LAST_UPDATE) values ('z3GJb6dIqe5r','1570016',to_timestamp('23-AUG-23 11.17.39.000000000 AM','DD-MON-RR HH.MI.SSXFF AM'));
Insert into USSD.SESSION_LOG (SESSION_ID,UINPUT,LAST_UPDATE) values ('lb3Y5EeP1ylN','3',to_timestamp('23-AUG-23 11.21.46.986000000 AM','DD-MON-RR HH.MI.SSXFF AM'));
Insert into USSD.SESSION_LOG (SESSION_ID,UINPUT,LAST_UPDATE) values ('lb3Y5EeP1ylN','5',to_timestamp('23-AUG-23 11.21.47.999000000 AM','DD-MON-RR HH.MI.SSXFF AM'));
Insert into USSD.SESSION_LOG (SESSION_ID,UINPUT,LAST_UPDATE) values ('lb3Y5EeP1ylN','2',to_timestamp('23-AUG-23 11.21.48.943000000 AM','DD-MON-RR HH.MI.SSXFF AM'));
Insert into USSD.SESSION_LOG (SESSION_ID,UINPUT,LAST_UPDATE) values ('lb3Y5EeP1ylN','01999999999',to_timestamp('23-AUG-23 11.21.53.393000000 AM','DD-MON-RR HH.MI.SSXFF AM'));
Insert into USSD.SESSION_LOG (SESSION_ID,UINPUT,LAST_UPDATE) values ('lb3Y5EeP1ylN','33',to_timestamp('23-AUG-23 11.21.57.590000000 AM','DD-MON-RR HH.MI.SSXFF AM'));
Insert into USSD.SESSION_LOG (SESSION_ID,UINPUT,LAST_UPDATE) values ('lb3Y5EeP1ylN','1570016',to_timestamp('23-AUG-23 11.21.58.702000000 AM','DD-MON-RR HH.MI.SSXFF AM'));
Insert into USSD.SESSION_LOG (SESSION_ID,UINPUT,LAST_UPDATE) values ('2RfPSReU4oiX','3',to_timestamp('23-AUG-23 11.24.38.688000000 AM','DD-MON-RR HH.MI.SSXFF AM'));
Insert into USSD.SESSION_LOG (SESSION_ID,UINPUT,LAST_UPDATE) values ('QWseKEozQ1xX','3',to_timestamp('23-AUG-23 11.25.04.169000000 AM','DD-MON-RR HH.MI.SSXFF AM'));
Insert into USSD.SESSION_LOG (SESSION_ID,UINPUT,LAST_UPDATE) values ('QWseKEozQ1xX','5',to_timestamp('23-AUG-23 11.25.05.756000000 AM','DD-MON-RR HH.MI.SSXFF AM'));
Insert into USSD.SESSION_LOG (SESSION_ID,UINPUT,LAST_UPDATE) values ('QWseKEozQ1xX','2',to_timestamp('23-AUG-23 11.25.09.202000000 AM','DD-MON-RR HH.MI.SSXFF AM'));
Insert into USSD.SESSION_LOG (SESSION_ID,UINPUT,LAST_UPDATE) values ('QWseKEozQ1xX','01777777777',to_timestamp('23-AUG-23 11.25.14.171000000 AM','DD-MON-RR HH.MI.SSXFF AM'));
Insert into USSD.SESSION_LOG (SESSION_ID,UINPUT,LAST_UPDATE) values ('QWseKEozQ1xX','33',to_timestamp('23-AUG-23 11.25.19.101000000 AM','DD-MON-RR HH.MI.SSXFF AM'));
Insert into USSD.SESSION_LOG (SESSION_ID,UINPUT,LAST_UPDATE) values ('QWseKEozQ1xX','1570016',to_timestamp('23-AUG-23 11.25.20.613000000 AM','DD-MON-RR HH.MI.SSXFF AM'));
Insert into USSD.SESSION_LOG (SESSION_ID,UINPUT,LAST_UPDATE) values ('k6Giv8nwq4kQ','3',to_timestamp('23-AUG-23 11.29.35.552000000 AM','DD-MON-RR HH.MI.SSXFF AM'));
Insert into USSD.SESSION_LOG (SESSION_ID,UINPUT,LAST_UPDATE) values ('k6Giv8nwq4kQ','5',to_timestamp('23-AUG-23 11.29.36.959000000 AM','DD-MON-RR HH.MI.SSXFF AM'));
Insert into USSD.SESSION_LOG (SESSION_ID,UINPUT,LAST_UPDATE) values ('k6Giv8nwq4kQ','2',to_timestamp('23-AUG-23 11.29.44.898000000 AM','DD-MON-RR HH.MI.SSXFF AM'));
Insert into USSD.SESSION_LOG (SESSION_ID,UINPUT,LAST_UPDATE) values ('k6Giv8nwq4kQ','01999999999',to_timestamp('23-AUG-23 11.29.51.866000000 AM','DD-MON-RR HH.MI.SSXFF AM'));
Insert into USSD.SESSION_LOG (SESSION_ID,UINPUT,LAST_UPDATE) values ('k6Giv8nwq4kQ','33',to_timestamp('23-AUG-23 11.29.55.583000000 AM','DD-MON-RR HH.MI.SSXFF AM'));
Insert into USSD.SESSION_LOG (SESSION_ID,UINPUT,LAST_UPDATE) values ('k6Giv8nwq4kQ','1570016',to_timestamp('23-AUG-23 11.29.56.671000000 AM','DD-MON-RR HH.MI.SSXFF AM'));
Insert into USSD.SESSION_LOG (SESSION_ID,UINPUT,LAST_UPDATE) values ('GFVFGumHuwBe','3',to_timestamp('23-AUG-23 11.34.36.459000000 AM','DD-MON-RR HH.MI.SSXFF AM'));
Insert into USSD.SESSION_LOG (SESSION_ID,UINPUT,LAST_UPDATE) values ('GFVFGumHuwBe','5',to_timestamp('23-AUG-23 11.34.38.797000000 AM','DD-MON-RR HH.MI.SSXFF AM'));
Insert into USSD.SESSION_LOG (SESSION_ID,UINPUT,LAST_UPDATE) values ('GFVFGumHuwBe','2',to_timestamp('23-AUG-23 11.34.40.810000000 AM','DD-MON-RR HH.MI.SSXFF AM'));
Insert into USSD.SESSION_LOG (SESSION_ID,UINPUT,LAST_UPDATE) values ('GFVFGumHuwBe','01777777777',to_timestamp('23-AUG-23 11.34.45.823000000 AM','DD-MON-RR HH.MI.SSXFF AM'));
Insert into USSD.SESSION_LOG (SESSION_ID,UINPUT,LAST_UPDATE) values ('GFVFGumHuwBe','33',to_timestamp('23-AUG-23 11.34.49.312000000 AM','DD-MON-RR HH.MI.SSXFF AM'));
Insert into USSD.SESSION_LOG (SESSION_ID,UINPUT,LAST_UPDATE) values ('GFVFGumHuwBe','1570016',to_timestamp('23-AUG-23 11.34.50.694000000 AM','DD-MON-RR HH.MI.SSXFF AM'));
Insert into USSD.SESSION_LOG (SESSION_ID,UINPUT,LAST_UPDATE) values ('LfePgZhdBdrC','3',to_timestamp('23-AUG-23 11.36.01.121000000 AM','DD-MON-RR HH.MI.SSXFF AM'));
Insert into USSD.SESSION_LOG (SESSION_ID,UINPUT,LAST_UPDATE) values ('LfePgZhdBdrC','5',to_timestamp('23-AUG-23 11.36.02.079000000 AM','DD-MON-RR HH.MI.SSXFF AM'));
Insert into USSD.SESSION_LOG (SESSION_ID,UINPUT,LAST_UPDATE) values ('LfePgZhdBdrC','2',to_timestamp('23-AUG-23 11.36.03.783000000 AM','DD-MON-RR HH.MI.SSXFF AM'));
Insert into USSD.SESSION_LOG (SESSION_ID,UINPUT,LAST_UPDATE) values ('LfePgZhdBdrC','01888888888',to_timestamp('23-AUG-23 11.36.08.445000000 AM','DD-MON-RR HH.MI.SSXFF AM'));
Insert into USSD.SESSION_LOG (SESSION_ID,UINPUT,LAST_UPDATE) values ('LfePgZhdBdrC','33',to_timestamp('23-AUG-23 11.36.11.866000000 AM','DD-MON-RR HH.MI.SSXFF AM'));
Insert into USSD.SESSION_LOG (SESSION_ID,UINPUT,LAST_UPDATE) values ('LfePgZhdBdrC','1570016',to_timestamp('23-AUG-23 11.36.12.676000000 AM','DD-MON-RR HH.MI.SSXFF AM'));
Insert into USSD.SESSION_LOG (SESSION_ID,UINPUT,LAST_UPDATE) values ('O7ap0deHNiwm','3',to_timestamp('23-AUG-23 11.38.36.984000000 AM','DD-MON-RR HH.MI.SSXFF AM'));
Insert into USSD.SESSION_LOG (SESSION_ID,UINPUT,LAST_UPDATE) values ('O7ap0deHNiwm','5',to_timestamp('23-AUG-23 11.38.37.884000000 AM','DD-MON-RR HH.MI.SSXFF AM'));
Insert into USSD.SESSION_LOG (SESSION_ID,UINPUT,LAST_UPDATE) values ('O7ap0deHNiwm','2',to_timestamp('23-AUG-23 11.38.39.248000000 AM','DD-MON-RR HH.MI.SSXFF AM'));
Insert into USSD.SESSION_LOG (SESSION_ID,UINPUT,LAST_UPDATE) values ('O7ap0deHNiwm','01999999999',to_timestamp('23-AUG-23 11.38.43.135000000 AM','DD-MON-RR HH.MI.SSXFF AM'));
Insert into USSD.SESSION_LOG (SESSION_ID,UINPUT,LAST_UPDATE) values ('O7ap0deHNiwm','33',to_timestamp('23-AUG-23 11.38.47.106000000 AM','DD-MON-RR HH.MI.SSXFF AM'));
Insert into USSD.SESSION_LOG (SESSION_ID,UINPUT,LAST_UPDATE) values ('O7ap0deHNiwm','1570016',to_timestamp('23-AUG-23 11.38.48.348000000 AM','DD-MON-RR HH.MI.SSXFF AM'));
Insert into USSD.SESSION_LOG (SESSION_ID,UINPUT,LAST_UPDATE) values ('erwM5Yhy6iuu','3',to_timestamp('23-AUG-23 11.40.18.083000000 AM','DD-MON-RR HH.MI.SSXFF AM'));
Insert into USSD.SESSION_LOG (SESSION_ID,UINPUT,LAST_UPDATE) values ('erwM5Yhy6iuu','5',to_timestamp('23-AUG-23 11.40.21.750000000 AM','DD-MON-RR HH.MI.SSXFF AM'));
Insert into USSD.SESSION_LOG (SESSION_ID,UINPUT,LAST_UPDATE) values ('erwM5Yhy6iuu','2',to_timestamp('23-AUG-23 11.40.24.650000000 AM','DD-MON-RR HH.MI.SSXFF AM'));
Insert into USSD.SESSION_LOG (SESSION_ID,UINPUT,LAST_UPDATE) values ('erwM5Yhy6iuu','01999999999',to_timestamp('23-AUG-23 11.40.30.073000000 AM','DD-MON-RR HH.MI.SSXFF AM'));
Insert into USSD.SESSION_LOG (SESSION_ID,UINPUT,LAST_UPDATE) values ('erwM5Yhy6iuu','33',to_timestamp('23-AUG-23 11.40.34.750000000 AM','DD-MON-RR HH.MI.SSXFF AM'));
Insert into USSD.SESSION_LOG (SESSION_ID,UINPUT,LAST_UPDATE) values ('erwM5Yhy6iuu','1570016',to_timestamp('23-AUG-23 11.40.36.368000000 AM','DD-MON-RR HH.MI.SSXFF AM'));
Insert into USSD.SESSION_LOG (SESSION_ID,UINPUT,LAST_UPDATE) values ('Tr4wpGmd9Rtz','3',to_timestamp('23-AUG-23 11.42.28.879000000 AM','DD-MON-RR HH.MI.SSXFF AM'));
Insert into USSD.SESSION_LOG (SESSION_ID,UINPUT,LAST_UPDATE) values ('Tr4wpGmd9Rtz','5',to_timestamp('23-AUG-23 11.42.29.792000000 AM','DD-MON-RR HH.MI.SSXFF AM'));
Insert into USSD.SESSION_LOG (SESSION_ID,UINPUT,LAST_UPDATE) values ('Tr4wpGmd9Rtz','2',to_timestamp('23-AUG-23 11.42.31.379000000 AM','DD-MON-RR HH.MI.SSXFF AM'));
Insert into USSD.SESSION_LOG (SESSION_ID,UINPUT,LAST_UPDATE) values ('Tr4wpGmd9Rtz','01999999999',to_timestamp('23-AUG-23 11.42.35.349000000 AM','DD-MON-RR HH.MI.SSXFF AM'));
Insert into USSD.SESSION_LOG (SESSION_ID,UINPUT,LAST_UPDATE) values ('Tr4wpGmd9Rtz','33',to_timestamp('23-AUG-23 11.42.38.186000000 AM','DD-MON-RR HH.MI.SSXFF AM'));
Insert into USSD.SESSION_LOG (SESSION_ID,UINPUT,LAST_UPDATE) values ('Tr4wpGmd9Rtz','1570016',to_timestamp('23-AUG-23 11.42.39.239000000 AM','DD-MON-RR HH.MI.SSXFF AM'));
Insert into USSD.SESSION_LOG (SESSION_ID,UINPUT,LAST_UPDATE) values ('UkU8Qo4q30WE','3',to_timestamp('23-AUG-23 11.43.10.954000000 AM','DD-MON-RR HH.MI.SSXFF AM'));
Insert into USSD.SESSION_LOG (SESSION_ID,UINPUT,LAST_UPDATE) values ('UkU8Qo4q30WE','5',to_timestamp('23-AUG-23 11.43.12.969000000 AM','DD-MON-RR HH.MI.SSXFF AM'));
Insert into USSD.SESSION_LOG (SESSION_ID,UINPUT,LAST_UPDATE) values ('UkU8Qo4q30WE','2',to_timestamp('23-AUG-23 11.43.14.698000000 AM','DD-MON-RR HH.MI.SSXFF AM'));
Insert into USSD.SESSION_LOG (SESSION_ID,UINPUT,LAST_UPDATE) values ('UkU8Qo4q30WE','01999999999',to_timestamp('23-AUG-23 11.43.18.976000000 AM','DD-MON-RR HH.MI.SSXFF AM'));
Insert into USSD.SESSION_LOG (SESSION_ID,UINPUT,LAST_UPDATE) values ('UkU8Qo4q30WE','33',to_timestamp('23-AUG-23 11.43.22.520000000 AM','DD-MON-RR HH.MI.SSXFF AM'));
Insert into USSD.SESSION_LOG (SESSION_ID,UINPUT,LAST_UPDATE) values ('UkU8Qo4q30WE','1570016',to_timestamp('23-AUG-23 11.43.23.954000000 AM','DD-MON-RR HH.MI.SSXFF AM'));
Insert into USSD.SESSION_LOG (SESSION_ID,UINPUT,LAST_UPDATE) values ('XJ4TqfuHzXdI','3',to_timestamp('23-AUG-23 11.44.02.617000000 AM','DD-MON-RR HH.MI.SSXFF AM'));
Insert into USSD.SESSION_LOG (SESSION_ID,UINPUT,LAST_UPDATE) values ('XJ4TqfuHzXdI','5',to_timestamp('23-AUG-23 11.44.03.498000000 AM','DD-MON-RR HH.MI.SSXFF AM'));
Insert into USSD.SESSION_LOG (SESSION_ID,UINPUT,LAST_UPDATE) values ('XJ4TqfuHzXdI','2',to_timestamp('23-AUG-23 11.44.04.504000000 AM','DD-MON-RR HH.MI.SSXFF AM'));
Insert into USSD.SESSION_LOG (SESSION_ID,UINPUT,LAST_UPDATE) values ('XJ4TqfuHzXdI','01999999999',to_timestamp('23-AUG-23 11.44.08.764000000 AM','DD-MON-RR HH.MI.SSXFF AM'));
Insert into USSD.SESSION_LOG (SESSION_ID,UINPUT,LAST_UPDATE) values ('XJ4TqfuHzXdI','33',to_timestamp('23-AUG-23 11.44.12.184000000 AM','DD-MON-RR HH.MI.SSXFF AM'));
Insert into USSD.SESSION_LOG (SESSION_ID,UINPUT,LAST_UPDATE) values ('XJ4TqfuHzXdI','1570016',to_timestamp('23-AUG-23 11.44.13.273000000 AM','DD-MON-RR HH.MI.SSXFF AM'));
Insert into USSD.SESSION_LOG (SESSION_ID,UINPUT,LAST_UPDATE) values ('CzDZytaDdhCL','5',to_timestamp('23-AUG-23 04.23.29.214000000 PM','DD-MON-RR HH.MI.SSXFF AM'));
Insert into USSD.SESSION_LOG (SESSION_ID,UINPUT,LAST_UPDATE) values ('QTers71XuE2R','3',to_timestamp('23-AUG-23 04.23.31.228000000 PM','DD-MON-RR HH.MI.SSXFF AM'));
Insert into USSD.SESSION_LOG (SESSION_ID,UINPUT,LAST_UPDATE) values ('QTers71XuE2R','5',to_timestamp('23-AUG-23 04.23.32.423000000 PM','DD-MON-RR HH.MI.SSXFF AM'));
Insert into USSD.SESSION_LOG (SESSION_ID,UINPUT,LAST_UPDATE) values ('QTers71XuE2R','2',to_timestamp('23-AUG-23 04.23.33.566000000 PM','DD-MON-RR HH.MI.SSXFF AM'));
Insert into USSD.SESSION_LOG (SESSION_ID,UINPUT,LAST_UPDATE) values ('QTers71XuE2R','01999999999',to_timestamp('23-AUG-23 04.23.38.295000000 PM','DD-MON-RR HH.MI.SSXFF AM'));
Insert into USSD.SESSION_LOG (SESSION_ID,UINPUT,LAST_UPDATE) values ('QTers71XuE2R','33',to_timestamp('23-AUG-23 04.23.44.866000000 PM','DD-MON-RR HH.MI.SSXFF AM'));
Insert into USSD.SESSION_LOG (SESSION_ID,UINPUT,LAST_UPDATE) values ('QTers71XuE2R','1570016',to_timestamp('23-AUG-23 04.23.46.024000000 PM','DD-MON-RR HH.MI.SSXFF AM'));
Insert into USSD.SESSION_LOG (SESSION_ID,UINPUT,LAST_UPDATE) values ('LsiwampFNItn','3',to_timestamp('23-AUG-23 04.32.04.924000000 PM','DD-MON-RR HH.MI.SSXFF AM'));
Insert into USSD.SESSION_LOG (SESSION_ID,UINPUT,LAST_UPDATE) values ('LsiwampFNItn','5',to_timestamp('23-AUG-23 04.32.06.199000000 PM','DD-MON-RR HH.MI.SSXFF AM'));
Insert into USSD.SESSION_LOG (SESSION_ID,UINPUT,LAST_UPDATE) values ('LsiwampFNItn','2',to_timestamp('23-AUG-23 04.32.08.187000000 PM','DD-MON-RR HH.MI.SSXFF AM'));
Insert into USSD.SESSION_LOG (SESSION_ID,UINPUT,LAST_UPDATE) values ('LsiwampFNItn','01999999999',to_timestamp('23-AUG-23 04.32.12.936000000 PM','DD-MON-RR HH.MI.SSXFF AM'));
Insert into USSD.SESSION_LOG (SESSION_ID,UINPUT,LAST_UPDATE) values ('LsiwampFNItn','33',to_timestamp('23-AUG-23 04.32.16.440000000 PM','DD-MON-RR HH.MI.SSXFF AM'));
Insert into USSD.SESSION_LOG (SESSION_ID,UINPUT,LAST_UPDATE) values ('LsiwampFNItn','1570016',to_timestamp('23-AUG-23 04.32.17.902000000 PM','DD-MON-RR HH.MI.SSXFF AM'));
Insert into USSD.SESSION_LOG (SESSION_ID,UINPUT,LAST_UPDATE) values ('ZlGzOczRdeRv','5',to_timestamp('23-AUG-23 04.44.51.808000000 PM','DD-MON-RR HH.MI.SSXFF AM'));
Insert into USSD.SESSION_LOG (SESSION_ID,UINPUT,LAST_UPDATE) values ('R1yaCajRl3ir','3',to_timestamp('23-AUG-23 04.44.55.715000000 PM','DD-MON-RR HH.MI.SSXFF AM'));
Insert into USSD.SESSION_LOG (SESSION_ID,UINPUT,LAST_UPDATE) values ('R1yaCajRl3ir','5',to_timestamp('23-AUG-23 04.44.57.070000000 PM','DD-MON-RR HH.MI.SSXFF AM'));
Insert into USSD.SESSION_LOG (SESSION_ID,UINPUT,LAST_UPDATE) values ('R1yaCajRl3ir','2',to_timestamp('23-AUG-23 04.44.58.641000000 PM','DD-MON-RR HH.MI.SSXFF AM'));
Insert into USSD.SESSION_LOG (SESSION_ID,UINPUT,LAST_UPDATE) values ('R1yaCajRl3ir','01999998776',to_timestamp('23-AUG-23 04.45.03.608000000 PM','DD-MON-RR HH.MI.SSXFF AM'));
Insert into USSD.SESSION_LOG (SESSION_ID,UINPUT,LAST_UPDATE) values ('R1yaCajRl3ir','33',to_timestamp('23-AUG-23 04.45.09.361000000 PM','DD-MON-RR HH.MI.SSXFF AM'));
Insert into USSD.SESSION_LOG (SESSION_ID,UINPUT,LAST_UPDATE) values ('R1yaCajRl3ir','1570016',to_timestamp('23-AUG-23 04.45.10.339000000 PM','DD-MON-RR HH.MI.SSXFF AM'));
Insert into USSD.SESSION_LOG (SESSION_ID,UINPUT,LAST_UPDATE) values ('fx0kSLT1xt5b','3',to_timestamp('23-AUG-23 04.46.28.656000000 PM','DD-MON-RR HH.MI.SSXFF AM'));
Insert into USSD.SESSION_LOG (SESSION_ID,UINPUT,LAST_UPDATE) values ('fx0kSLT1xt5b','5',to_timestamp('23-AUG-23 04.46.29.469000000 PM','DD-MON-RR HH.MI.SSXFF AM'));
Insert into USSD.SESSION_LOG (SESSION_ID,UINPUT,LAST_UPDATE) values ('fx0kSLT1xt5b','2',to_timestamp('23-AUG-23 04.46.32.105000000 PM','DD-MON-RR HH.MI.SSXFF AM'));
Insert into USSD.SESSION_LOG (SESSION_ID,UINPUT,LAST_UPDATE) values ('fx0kSLT1xt5b','01766554332',to_timestamp('23-AUG-23 04.46.37.640000000 PM','DD-MON-RR HH.MI.SSXFF AM'));
Insert into USSD.SESSION_LOG (SESSION_ID,UINPUT,LAST_UPDATE) values ('fx0kSLT1xt5b','33',to_timestamp('23-AUG-23 04.46.41.255000000 PM','DD-MON-RR HH.MI.SSXFF AM'));
Insert into USSD.SESSION_LOG (SESSION_ID,UINPUT,LAST_UPDATE) values ('fx0kSLT1xt5b','1570016',to_timestamp('23-AUG-23 04.46.42.543000000 PM','DD-MON-RR HH.MI.SSXFF AM'));
Insert into USSD.SESSION_LOG (SESSION_ID,UINPUT,LAST_UPDATE) values ('7R08fx2ZjTEu','3',to_timestamp('23-AUG-23 04.47.28.284000000 PM','DD-MON-RR HH.MI.SSXFF AM'));
Insert into USSD.SESSION_LOG (SESSION_ID,UINPUT,LAST_UPDATE) values ('7R08fx2ZjTEu','5',to_timestamp('23-AUG-23 04.47.29.799000000 PM','DD-MON-RR HH.MI.SSXFF AM'));
Insert into USSD.SESSION_LOG (SESSION_ID,UINPUT,LAST_UPDATE) values ('7R08fx2ZjTEu','2',to_timestamp('23-AUG-23 04.47.31.044000000 PM','DD-MON-RR HH.MI.SSXFF AM'));
Insert into USSD.SESSION_LOG (SESSION_ID,UINPUT,LAST_UPDATE) values ('7R08fx2ZjTEu','01448888888',to_timestamp('23-AUG-23 04.47.46.413000000 PM','DD-MON-RR HH.MI.SSXFF AM'));
Insert into USSD.SESSION_LOG (SESSION_ID,UINPUT,LAST_UPDATE) values ('7R08fx2ZjTEu','33',to_timestamp('23-AUG-23 04.47.52.260000000 PM','DD-MON-RR HH.MI.SSXFF AM'));
Insert into USSD.SESSION_LOG (SESSION_ID,UINPUT,LAST_UPDATE) values ('7R08fx2ZjTEu','1570016',to_timestamp('23-AUG-23 04.47.53.321000000 PM','DD-MON-RR HH.MI.SSXFF AM'));
Insert into USSD.SESSION_LOG (SESSION_ID,UINPUT,LAST_UPDATE) values ('b3tiO0lLbhuH','3',to_timestamp('23-AUG-23 04.50.38.667000000 PM','DD-MON-RR HH.MI.SSXFF AM'));
Insert into USSD.SESSION_LOG (SESSION_ID,UINPUT,LAST_UPDATE) values ('b3tiO0lLbhuH','5',to_timestamp('23-AUG-23 04.50.39.803000000 PM','DD-MON-RR HH.MI.SSXFF AM'));
Insert into USSD.SESSION_LOG (SESSION_ID,UINPUT,LAST_UPDATE) values ('b3tiO0lLbhuH','2',to_timestamp('23-AUG-23 04.50.40.728000000 PM','DD-MON-RR HH.MI.SSXFF AM'));
Insert into USSD.SESSION_LOG (SESSION_ID,UINPUT,LAST_UPDATE) values ('b3tiO0lLbhuH','01999999999',to_timestamp('23-AUG-23 04.50.46.219000000 PM','DD-MON-RR HH.MI.SSXFF AM'));
Insert into USSD.SESSION_LOG (SESSION_ID,UINPUT,LAST_UPDATE) values ('b3tiO0lLbhuH','33',to_timestamp('23-AUG-23 04.50.51.024000000 PM','DD-MON-RR HH.MI.SSXFF AM'));
Insert into USSD.SESSION_LOG (SESSION_ID,UINPUT,LAST_UPDATE) values ('b3tiO0lLbhuH','1570016',to_timestamp('23-AUG-23 04.50.51.915000000 PM','DD-MON-RR HH.MI.SSXFF AM'));
Insert into USSD.SESSION_LOG (SESSION_ID,UINPUT,LAST_UPDATE) values ('z4x5oG9BQrpm','7',to_timestamp('23-AUG-23 04.53.13.884000000 PM','DD-MON-RR HH.MI.SSXFF AM'));
Insert into USSD.SESSION_LOG (SESSION_ID,UINPUT,LAST_UPDATE) values ('z4x5oG9BQrpm','2',to_timestamp('23-AUG-23 04.53.15.256000000 PM','DD-MON-RR HH.MI.SSXFF AM'));
Insert into USSD.SESSION_LOG (SESSION_ID,UINPUT,LAST_UPDATE) values ('z4x5oG9BQrpm','1570016',to_timestamp('23-AUG-23 04.53.20.368000000 PM','DD-MON-RR HH.MI.SSXFF AM'));
Insert into USSD.SESSION_LOG (SESSION_ID,UINPUT,LAST_UPDATE) values ('L4m614FaEUln','3',to_timestamp('23-AUG-23 04.53.41.642000000 PM','DD-MON-RR HH.MI.SSXFF AM'));
Insert into USSD.SESSION_LOG (SESSION_ID,UINPUT,LAST_UPDATE) values ('L4m614FaEUln','5',to_timestamp('23-AUG-23 04.53.58.328000000 PM','DD-MON-RR HH.MI.SSXFF AM'));
Insert into USSD.SESSION_LOG (SESSION_ID,UINPUT,LAST_UPDATE) values ('L4m614FaEUln','2',to_timestamp('23-AUG-23 04.53.59.226000000 PM','DD-MON-RR HH.MI.SSXFF AM'));
Insert into USSD.SESSION_LOG (SESSION_ID,UINPUT,LAST_UPDATE) values ('L4m614FaEUln','01988776554',to_timestamp('23-AUG-23 04.54.07.458000000 PM','DD-MON-RR HH.MI.SSXFF AM'));
Insert into USSD.SESSION_LOG (SESSION_ID,UINPUT,LAST_UPDATE) values ('L4m614FaEUln','1',to_timestamp('23-AUG-23 04.54.18.394000000 PM','DD-MON-RR HH.MI.SSXFF AM'));
Insert into USSD.SESSION_LOG (SESSION_ID,UINPUT,LAST_UPDATE) values ('L4m614FaEUln','1570016',to_timestamp('23-AUG-23 04.54.20.975000000 PM','DD-MON-RR HH.MI.SSXFF AM'));
Insert into USSD.SESSION_LOG (SESSION_ID,UINPUT,LAST_UPDATE) values ('5Gr1XmjVxDzT','3',to_timestamp('23-AUG-23 05.06.05.006000000 PM','DD-MON-RR HH.MI.SSXFF AM'));
Insert into USSD.SESSION_LOG (SESSION_ID,UINPUT,LAST_UPDATE) values ('5Gr1XmjVxDzT','5',to_timestamp('23-AUG-23 05.06.05.961000000 PM','DD-MON-RR HH.MI.SSXFF AM'));
Insert into USSD.SESSION_LOG (SESSION_ID,UINPUT,LAST_UPDATE) values ('5Gr1XmjVxDzT','2',to_timestamp('23-AUG-23 05.06.07.051000000 PM','DD-MON-RR HH.MI.SSXFF AM'));
Insert into USSD.SESSION_LOG (SESSION_ID,UINPUT,LAST_UPDATE) values ('5Gr1XmjVxDzT','01788995667',to_timestamp('23-AUG-23 05.06.12.497000000 PM','DD-MON-RR HH.MI.SSXFF AM'));
Insert into USSD.SESSION_LOG (SESSION_ID,UINPUT,LAST_UPDATE) values ('5Gr1XmjVxDzT','3',to_timestamp('23-AUG-23 05.06.23.104000000 PM','DD-MON-RR HH.MI.SSXFF AM'));
Insert into USSD.SESSION_LOG (SESSION_ID,UINPUT,LAST_UPDATE) values ('5Gr1XmjVxDzT','1570016',to_timestamp('23-AUG-23 05.06.27.040000000 PM','DD-MON-RR HH.MI.SSXFF AM'));
Insert into USSD.SESSION_LOG (SESSION_ID,UINPUT,LAST_UPDATE) values ('z0jUsoVvfITC','3',to_timestamp('23-AUG-23 05.10.46.684000000 PM','DD-MON-RR HH.MI.SSXFF AM'));
Insert into USSD.SESSION_LOG (SESSION_ID,UINPUT,LAST_UPDATE) values ('z0jUsoVvfITC','5',to_timestamp('23-AUG-23 05.10.47.619000000 PM','DD-MON-RR HH.MI.SSXFF AM'));
Insert into USSD.SESSION_LOG (SESSION_ID,UINPUT,LAST_UPDATE) values ('z0jUsoVvfITC','2',to_timestamp('23-AUG-23 05.10.48.497000000 PM','DD-MON-RR HH.MI.SSXFF AM'));
Insert into USSD.SESSION_LOG (SESSION_ID,UINPUT,LAST_UPDATE) values ('z0jUsoVvfITC','01788998778',to_timestamp('23-AUG-23 05.10.52.463000000 PM','DD-MON-RR HH.MI.SSXFF AM'));
Insert into USSD.SESSION_LOG (SESSION_ID,UINPUT,LAST_UPDATE) values ('z0jUsoVvfITC','3',to_timestamp('23-AUG-23 05.10.56.287000000 PM','DD-MON-RR HH.MI.SSXFF AM'));
Insert into USSD.SESSION_LOG (SESSION_ID,UINPUT,LAST_UPDATE) values ('z0jUsoVvfITC','1570016',to_timestamp('23-AUG-23 05.10.58.747000000 PM','DD-MON-RR HH.MI.SSXFF AM'));
Insert into USSD.SESSION_LOG (SESSION_ID,UINPUT,LAST_UPDATE) values ('kb4FBLWdUVoH','3',to_timestamp('23-AUG-23 05.13.05.750000000 PM','DD-MON-RR HH.MI.SSXFF AM'));
Insert into USSD.SESSION_LOG (SESSION_ID,UINPUT,LAST_UPDATE) values ('kb4FBLWdUVoH','5',to_timestamp('23-AUG-23 05.13.06.648000000 PM','DD-MON-RR HH.MI.SSXFF AM'));
Insert into USSD.SESSION_LOG (SESSION_ID,UINPUT,LAST_UPDATE) values ('kb4FBLWdUVoH','2',to_timestamp('23-AUG-23 05.13.07.819000000 PM','DD-MON-RR HH.MI.SSXFF AM'));
Insert into USSD.SESSION_LOG (SESSION_ID,UINPUT,LAST_UPDATE) values ('kb4FBLWdUVoH','01877665443',to_timestamp('23-AUG-23 05.13.11.434000000 PM','DD-MON-RR HH.MI.SSXFF AM'));
Insert into USSD.SESSION_LOG (SESSION_ID,UINPUT,LAST_UPDATE) values ('kb4FBLWdUVoH','3',to_timestamp('23-AUG-23 05.13.15.395000000 PM','DD-MON-RR HH.MI.SSXFF AM'));
Insert into USSD.SESSION_LOG (SESSION_ID,UINPUT,LAST_UPDATE) values ('kb4FBLWdUVoH','1570016',to_timestamp('23-AUG-23 05.13.17.710000000 PM','DD-MON-RR HH.MI.SSXFF AM'));
Insert into USSD.SESSION_LOG (SESSION_ID,UINPUT,LAST_UPDATE) values ('li5lC4bq276t','3',to_timestamp('23-AUG-23 05.17.31.063000000 PM','DD-MON-RR HH.MI.SSXFF AM'));
Insert into USSD.SESSION_LOG (SESSION_ID,UINPUT,LAST_UPDATE) values ('li5lC4bq276t','5',to_timestamp('23-AUG-23 05.17.32.138000000 PM','DD-MON-RR HH.MI.SSXFF AM'));
Insert into USSD.SESSION_LOG (SESSION_ID,UINPUT,LAST_UPDATE) values ('li5lC4bq276t','2',to_timestamp('23-AUG-23 05.17.32.987000000 PM','DD-MON-RR HH.MI.SSXFF AM'));
Insert into USSD.SESSION_LOG (SESSION_ID,UINPUT,LAST_UPDATE) values ('li5lC4bq276t','01988776554',to_timestamp('23-AUG-23 05.17.37.401000000 PM','DD-MON-RR HH.MI.SSXFF AM'));
Insert into USSD.SESSION_LOG (SESSION_ID,UINPUT,LAST_UPDATE) values ('li5lC4bq276t','3',to_timestamp('23-AUG-23 05.17.40.386000000 PM','DD-MON-RR HH.MI.SSXFF AM'));
Insert into USSD.SESSION_LOG (SESSION_ID,UINPUT,LAST_UPDATE) values ('li5lC4bq276t','1570016',to_timestamp('23-AUG-23 05.17.43.809000000 PM','DD-MON-RR HH.MI.SSXFF AM'));
Insert into USSD.SESSION_LOG (SESSION_ID,UINPUT,LAST_UPDATE) values ('KuiQgj5FkYE3','7',to_timestamp('23-AUG-23 05.23.28.496000000 PM','DD-MON-RR HH.MI.SSXFF AM'));
Insert into USSD.SESSION_LOG (SESSION_ID,UINPUT,LAST_UPDATE) values ('KuiQgj5FkYE3','1',to_timestamp('23-AUG-23 05.23.31.048000000 PM','DD-MON-RR HH.MI.SSXFF AM'));
Insert into USSD.SESSION_LOG (SESSION_ID,UINPUT,LAST_UPDATE) values ('KuiQgj5FkYE3','1570016',to_timestamp('23-AUG-23 05.23.34.282000000 PM','DD-MON-RR HH.MI.SSXFF AM'));
Insert into USSD.SESSION_LOG (SESSION_ID,UINPUT,LAST_UPDATE) values ('rpBfwgGhXw4h','3',to_timestamp('23-AUG-23 05.23.41.229000000 PM','DD-MON-RR HH.MI.SSXFF AM'));
Insert into USSD.SESSION_LOG (SESSION_ID,UINPUT,LAST_UPDATE) values ('rpBfwgGhXw4h','5',to_timestamp('23-AUG-23 05.23.42.217000000 PM','DD-MON-RR HH.MI.SSXFF AM'));
Insert into USSD.SESSION_LOG (SESSION_ID,UINPUT,LAST_UPDATE) values ('rpBfwgGhXw4h','2',to_timestamp('23-AUG-23 05.23.43.607000000 PM','DD-MON-RR HH.MI.SSXFF AM'));
Insert into USSD.SESSION_LOG (SESSION_ID,UINPUT,LAST_UPDATE) values ('rpBfwgGhXw4h','01988776554',to_timestamp('23-AUG-23 05.23.47.713000000 PM','DD-MON-RR HH.MI.SSXFF AM'));
Insert into USSD.SESSION_LOG (SESSION_ID,UINPUT,LAST_UPDATE) values ('rpBfwgGhXw4h','3',to_timestamp('23-AUG-23 05.23.52.385000000 PM','DD-MON-RR HH.MI.SSXFF AM'));
Insert into USSD.SESSION_LOG (SESSION_ID,UINPUT,LAST_UPDATE) values ('rpBfwgGhXw4h','1570016',to_timestamp('23-AUG-23 05.23.54.783000000 PM','DD-MON-RR HH.MI.SSXFF AM'));
Insert into USSD.SESSION_LOG (SESSION_ID,UINPUT,LAST_UPDATE) values ('BR6Su1Sf85s6','3',to_timestamp('23-AUG-23 05.27.00.617000000 PM','DD-MON-RR HH.MI.SSXFF AM'));
Insert into USSD.SESSION_LOG (SESSION_ID,UINPUT,LAST_UPDATE) values ('BR6Su1Sf85s6','5',to_timestamp('23-AUG-23 05.27.01.590000000 PM','DD-MON-RR HH.MI.SSXFF AM'));
Insert into USSD.SESSION_LOG (SESSION_ID,UINPUT,LAST_UPDATE) values ('BR6Su1Sf85s6','2',to_timestamp('23-AUG-23 05.27.03.065000000 PM','DD-MON-RR HH.MI.SSXFF AM'));
Insert into USSD.SESSION_LOG (SESSION_ID,UINPUT,LAST_UPDATE) values ('BR6Su1Sf85s6','01877665443',to_timestamp('23-AUG-23 05.27.07.375000000 PM','DD-MON-RR HH.MI.SSXFF AM'));
Insert into USSD.SESSION_LOG (SESSION_ID,UINPUT,LAST_UPDATE) values ('BR6Su1Sf85s6','3',to_timestamp('23-AUG-23 05.27.11.241000000 PM','DD-MON-RR HH.MI.SSXFF AM'));
Insert into USSD.SESSION_LOG (SESSION_ID,UINPUT,LAST_UPDATE) values ('BR6Su1Sf85s6','1570016',to_timestamp('23-AUG-23 05.27.14.234000000 PM','DD-MON-RR HH.MI.SSXFF AM'));
Insert into USSD.SESSION_LOG (SESSION_ID,UINPUT,LAST_UPDATE) values ('wrPSNb1owPSP','3',to_timestamp('23-AUG-23 05.28.11.845000000 PM','DD-MON-RR HH.MI.SSXFF AM'));
Insert into USSD.SESSION_LOG (SESSION_ID,UINPUT,LAST_UPDATE) values ('wrPSNb1owPSP','5',to_timestamp('23-AUG-23 05.28.13.203000000 PM','DD-MON-RR HH.MI.SSXFF AM'));
Insert into USSD.SESSION_LOG (SESSION_ID,UINPUT,LAST_UPDATE) values ('wrPSNb1owPSP','2',to_timestamp('23-AUG-23 05.28.14.653000000 PM','DD-MON-RR HH.MI.SSXFF AM'));
Insert into USSD.SESSION_LOG (SESSION_ID,UINPUT,LAST_UPDATE) values ('wrPSNb1owPSP','01788996775',to_timestamp('23-AUG-23 05.28.19.365000000 PM','DD-MON-RR HH.MI.SSXFF AM'));
Insert into USSD.SESSION_LOG (SESSION_ID,UINPUT,LAST_UPDATE) values ('wrPSNb1owPSP','3',to_timestamp('23-AUG-23 05.28.24.910000000 PM','DD-MON-RR HH.MI.SSXFF AM'));
Insert into USSD.SESSION_LOG (SESSION_ID,UINPUT,LAST_UPDATE) values ('wrPSNb1owPSP','1570016',to_timestamp('23-AUG-23 05.28.27.628000000 PM','DD-MON-RR HH.MI.SSXFF AM'));
Insert into USSD.SESSION_LOG (SESSION_ID,UINPUT,LAST_UPDATE) values ('n9ZHbDYy9qMh','3',to_timestamp('23-AUG-23 05.32.10.833000000 PM','DD-MON-RR HH.MI.SSXFF AM'));
Insert into USSD.SESSION_LOG (SESSION_ID,UINPUT,LAST_UPDATE) values ('n9ZHbDYy9qMh','5',to_timestamp('23-AUG-23 05.32.12.135000000 PM','DD-MON-RR HH.MI.SSXFF AM'));
Insert into USSD.SESSION_LOG (SESSION_ID,UINPUT,LAST_UPDATE) values ('n9ZHbDYy9qMh','2',to_timestamp('23-AUG-23 05.32.13.590000000 PM','DD-MON-RR HH.MI.SSXFF AM'));
Insert into USSD.SESSION_LOG (SESSION_ID,UINPUT,LAST_UPDATE) values ('n9ZHbDYy9qMh','01877995667',to_timestamp('23-AUG-23 05.32.17.038000000 PM','DD-MON-RR HH.MI.SSXFF AM'));
Insert into USSD.SESSION_LOG (SESSION_ID,UINPUT,LAST_UPDATE) values ('n9ZHbDYy9qMh','3',to_timestamp('23-AUG-23 05.32.19.498000000 PM','DD-MON-RR HH.MI.SSXFF AM'));
Insert into USSD.SESSION_LOG (SESSION_ID,UINPUT,LAST_UPDATE) values ('n9ZHbDYy9qMh','1570016',to_timestamp('23-AUG-23 05.32.21.821000000 PM','DD-MON-RR HH.MI.SSXFF AM'));
Insert into USSD.SESSION_LOG (SESSION_ID,UINPUT,LAST_UPDATE) values ('abqE9nisBPu6','5',to_timestamp('23-AUG-23 05.34.03.583000000 PM','DD-MON-RR HH.MI.SSXFF AM'));
Insert into USSD.SESSION_LOG (SESSION_ID,UINPUT,LAST_UPDATE) values ('cHtobT6rSg1X','3',to_timestamp('23-AUG-23 05.34.07.632000000 PM','DD-MON-RR HH.MI.SSXFF AM'));
Insert into USSD.SESSION_LOG (SESSION_ID,UINPUT,LAST_UPDATE) values ('cHtobT6rSg1X','5',to_timestamp('23-AUG-23 05.34.09.826000000 PM','DD-MON-RR HH.MI.SSXFF AM'));
Insert into USSD.SESSION_LOG (SESSION_ID,UINPUT,LAST_UPDATE) values ('cHtobT6rSg1X','2',to_timestamp('23-AUG-23 05.34.11.968000000 PM','DD-MON-RR HH.MI.SSXFF AM'));
Insert into USSD.SESSION_LOG (SESSION_ID,UINPUT,LAST_UPDATE) values ('cHtobT6rSg1X','01678975687',to_timestamp('23-AUG-23 05.34.18.736000000 PM','DD-MON-RR HH.MI.SSXFF AM'));
Insert into USSD.SESSION_LOG (SESSION_ID,UINPUT,LAST_UPDATE) values ('cHtobT6rSg1X','3',to_timestamp('23-AUG-23 05.34.21.996000000 PM','DD-MON-RR HH.MI.SSXFF AM'));
Insert into USSD.SESSION_LOG (SESSION_ID,UINPUT,LAST_UPDATE) values ('cHtobT6rSg1X','1570016',to_timestamp('23-AUG-23 05.34.24.990000000 PM','DD-MON-RR HH.MI.SSXFF AM'));
Insert into USSD.SESSION_LOG (SESSION_ID,UINPUT,LAST_UPDATE) values ('oGWcDBhYahgL','3',to_timestamp('23-AUG-23 05.36.00.993000000 PM','DD-MON-RR HH.MI.SSXFF AM'));
Insert into USSD.SESSION_LOG (SESSION_ID,UINPUT,LAST_UPDATE) values ('oGWcDBhYahgL','5',to_timestamp('23-AUG-23 05.36.02.291000000 PM','DD-MON-RR HH.MI.SSXFF AM'));
Insert into USSD.SESSION_LOG (SESSION_ID,UINPUT,LAST_UPDATE) values ('oGWcDBhYahgL','2',to_timestamp('23-AUG-23 05.36.03.273000000 PM','DD-MON-RR HH.MI.SSXFF AM'));
Insert into USSD.SESSION_LOG (SESSION_ID,UINPUT,LAST_UPDATE) values ('oGWcDBhYahgL','01766778998',to_timestamp('23-AUG-23 05.36.07.754000000 PM','DD-MON-RR HH.MI.SSXFF AM'));
Insert into USSD.SESSION_LOG (SESSION_ID,UINPUT,LAST_UPDATE) values ('oGWcDBhYahgL','33',to_timestamp('23-AUG-23 05.36.12.927000000 PM','DD-MON-RR HH.MI.SSXFF AM'));
Insert into USSD.SESSION_LOG (SESSION_ID,UINPUT,LAST_UPDATE) values ('oGWcDBhYahgL','1570016',to_timestamp('23-AUG-23 05.36.14.566000000 PM','DD-MON-RR HH.MI.SSXFF AM'));
Insert into USSD.SESSION_LOG (SESSION_ID,UINPUT,LAST_UPDATE) values ('KlnSBQurysLc','3',to_timestamp('23-AUG-23 05.43.25.343000000 PM','DD-MON-RR HH.MI.SSXFF AM'));
Insert into USSD.SESSION_LOG (SESSION_ID,UINPUT,LAST_UPDATE) values ('KlnSBQurysLc','5',to_timestamp('23-AUG-23 05.43.26.947000000 PM','DD-MON-RR HH.MI.SSXFF AM'));
Insert into USSD.SESSION_LOG (SESSION_ID,UINPUT,LAST_UPDATE) values ('KlnSBQurysLc','2',to_timestamp('23-AUG-23 05.43.30.272000000 PM','DD-MON-RR HH.MI.SSXFF AM'));
Insert into USSD.SESSION_LOG (SESSION_ID,UINPUT,LAST_UPDATE) values ('KlnSBQurysLc','01877996778',to_timestamp('23-AUG-23 05.43.34.258000000 PM','DD-MON-RR HH.MI.SSXFF AM'));
Insert into USSD.SESSION_LOG (SESSION_ID,UINPUT,LAST_UPDATE) values ('KlnSBQurysLc','3.5',to_timestamp('23-AUG-23 05.43.37.487000000 PM','DD-MON-RR HH.MI.SSXFF AM'));
Insert into USSD.SESSION_LOG (SESSION_ID,UINPUT,LAST_UPDATE) values ('KlnSBQurysLc','1570016',to_timestamp('23-AUG-23 05.43.40.456000000 PM','DD-MON-RR HH.MI.SSXFF AM'));
Insert into USSD.SESSION_LOG (SESSION_ID,UINPUT,LAST_UPDATE) values ('2k0xKpR7g0cu','3',to_timestamp('23-AUG-23 05.44.37.856000000 PM','DD-MON-RR HH.MI.SSXFF AM'));
Insert into USSD.SESSION_LOG (SESSION_ID,UINPUT,LAST_UPDATE) values ('2k0xKpR7g0cu','5',to_timestamp('23-AUG-23 05.44.38.946000000 PM','DD-MON-RR HH.MI.SSXFF AM'));
Insert into USSD.SESSION_LOG (SESSION_ID,UINPUT,LAST_UPDATE) values ('2k0xKpR7g0cu','2',to_timestamp('23-AUG-23 05.44.40.757000000 PM','DD-MON-RR HH.MI.SSXFF AM'));
Insert into USSD.SESSION_LOG (SESSION_ID,UINPUT,LAST_UPDATE) values ('2k0xKpR7g0cu','01988447665',to_timestamp('23-AUG-23 05.44.44.289000000 PM','DD-MON-RR HH.MI.SSXFF AM'));
Insert into USSD.SESSION_LOG (SESSION_ID,UINPUT,LAST_UPDATE) values ('2k0xKpR7g0cu','3',to_timestamp('23-AUG-23 05.44.46.422000000 PM','DD-MON-RR HH.MI.SSXFF AM'));
Insert into USSD.SESSION_LOG (SESSION_ID,UINPUT,LAST_UPDATE) values ('2k0xKpR7g0cu','1570016',to_timestamp('23-AUG-23 05.44.48.364000000 PM','DD-MON-RR HH.MI.SSXFF AM'));
Insert into USSD.SESSION_LOG (SESSION_ID,UINPUT,LAST_UPDATE) values ('OWHmS49yVROL','3',to_timestamp('23-AUG-23 05.59.34.873000000 PM','DD-MON-RR HH.MI.SSXFF AM'));
REM INSERTING into USSD.TRANSACTIONS
SET DEFINE OFF;
Insert into USSD.TRANSACTIONS (TRANS_NUMBER,AMOUNT,SENDER_ID,RECEIVER_ID,SESSION_ID,TYPE,TIME) values (221,15,111,126,'4sgOafciCrxo','Bill Pay',to_timestamp('17-SEP-23 05.59.53.744000000 PM','DD-MON-RR HH.MI.SSXFF AM'));
Insert into USSD.TRANSACTIONS (TRANS_NUMBER,AMOUNT,SENDER_ID,RECEIVER_ID,SESSION_ID,TYPE,TIME) values (161,11,111,112,'L9Bhtrayd17Z','Send Money',to_timestamp('31-AUG-23 11.39.08.275000000 AM','DD-MON-RR HH.MI.SSXFF AM'));
Insert into USSD.TRANSACTIONS (TRANS_NUMBER,AMOUNT,SENDER_ID,RECEIVER_ID,SESSION_ID,TYPE,TIME) values (222,13,111,127,'pJM2ZLxD8OVR','Bill Pay',to_timestamp('17-SEP-23 06.01.15.648000000 PM','DD-MON-RR HH.MI.SSXFF AM'));
Insert into USSD.TRANSACTIONS (TRANS_NUMBER,AMOUNT,SENDER_ID,RECEIVER_ID,SESSION_ID,TYPE,TIME) values (181,3,111,1677885667,'jzWwnZrk9FDc','Mobile Recharge',to_timestamp('04-SEP-23 11.09.50.941000000 AM','DD-MON-RR HH.MI.SSXFF AM'));
Insert into USSD.TRANSACTIONS (TRANS_NUMBER,AMOUNT,SENDER_ID,RECEIVER_ID,SESSION_ID,TYPE,TIME) values (182,3,111,1655778990,'p783udEnIXQX','Mobile Recharge',to_timestamp('04-SEP-23 12.44.45.837000000 PM','DD-MON-RR HH.MI.SSXFF AM'));
Insert into USSD.TRANSACTIONS (TRANS_NUMBER,AMOUNT,SENDER_ID,RECEIVER_ID,SESSION_ID,TYPE,TIME) values (223,13,111,127,'A6TMg4C50WxC','Bill Pay',to_timestamp('17-SEP-23 06.06.32.905000000 PM','DD-MON-RR HH.MI.SSXFF AM'));
Insert into USSD.TRANSACTIONS (TRANS_NUMBER,AMOUNT,SENDER_ID,RECEIVER_ID,SESSION_ID,TYPE,TIME) values (224,13,111,146,'KFnKiEXn51R7','Bill Pay',to_timestamp('17-SEP-23 06.31.18.136000000 PM','DD-MON-RR HH.MI.SSXFF AM'));
Insert into USSD.TRANSACTIONS (TRANS_NUMBER,AMOUNT,SENDER_ID,RECEIVER_ID,SESSION_ID,TYPE,TIME) values (110,22,111,1234567890,'AKPJScrpTEtX','Mobile Recharge',to_timestamp('23-AUG-23 11.51.28.650000000 AM','DD-MON-RR HH.MI.SSXFF AM'));
Insert into USSD.TRANSACTIONS (TRANS_NUMBER,AMOUNT,SENDER_ID,RECEIVER_ID,SESSION_ID,TYPE,TIME) values (135,33,111,1988776554,'UHFkf1KZeVEG','Mobile Recharge',to_timestamp('24-AUG-23 03.26.19.033000000 PM','DD-MON-RR HH.MI.SSXFF AM'));
Insert into USSD.TRANSACTIONS (TRANS_NUMBER,AMOUNT,SENDER_ID,RECEIVER_ID,SESSION_ID,TYPE,TIME) values (136,33,111,1988776554,'T82CwRaJObzH','Mobile Recharge',to_timestamp('24-AUG-23 03.26.36.199000000 PM','DD-MON-RR HH.MI.SSXFF AM'));
Insert into USSD.TRANSACTIONS (TRANS_NUMBER,AMOUNT,SENDER_ID,RECEIVER_ID,SESSION_ID,TYPE,TIME) values (138,33,111,1988776554,'1TOUByX1Gy4E','Mobile Recharge',to_timestamp('24-AUG-23 06.20.32.466000000 PM','DD-MON-RR HH.MI.SSXFF AM'));
Insert into USSD.TRANSACTIONS (TRANS_NUMBER,AMOUNT,SENDER_ID,RECEIVER_ID,SESSION_ID,TYPE,TIME) values (141,3,111,1988776554,'5FB5pmUfJTFA','Mobile Recharge',to_timestamp('27-AUG-23 10.51.28.854000000 AM','DD-MON-RR HH.MI.SSXFF AM'));
Insert into USSD.TRANSACTIONS (TRANS_NUMBER,AMOUNT,SENDER_ID,RECEIVER_ID,SESSION_ID,TYPE,TIME) values (142,3,111,1988776554,'5FB5pmUfJTFA','Mobile Recharge',to_timestamp('27-AUG-23 10.53.28.737000000 AM','DD-MON-RR HH.MI.SSXFF AM'));
Insert into USSD.TRANSACTIONS (TRANS_NUMBER,AMOUNT,SENDER_ID,RECEIVER_ID,SESSION_ID,TYPE,TIME) values (143,3,111,1988776554,'5FB5pmUfJTFA','Mobile Recharge',to_timestamp('27-AUG-23 10.54.17.690000000 AM','DD-MON-RR HH.MI.SSXFF AM'));
Insert into USSD.TRANSACTIONS (TRANS_NUMBER,AMOUNT,SENDER_ID,RECEIVER_ID,SESSION_ID,TYPE,TIME) values (202,5,111,127,'oSk4EjKs7tzk','Bill Pay',to_timestamp('13-SEP-23 01.01.27.877000000 PM','DD-MON-RR HH.MI.SSXFF AM'));
Insert into USSD.TRANSACTIONS (TRANS_NUMBER,AMOUNT,SENDER_ID,RECEIVER_ID,SESSION_ID,TYPE,TIME) values (162,3,111,1977556443,'jZk7eSpZu8Qx','Mobile Recharge',to_timestamp('31-AUG-23 04.00.39.244000000 PM','DD-MON-RR HH.MI.SSXFF AM'));
Insert into USSD.TRANSACTIONS (TRANS_NUMBER,AMOUNT,SENDER_ID,RECEIVER_ID,SESSION_ID,TYPE,TIME) values (163,3,111,1455667445,'STRw0bAxq3Oa','Mobile Recharge',to_timestamp('03-SEP-23 11.27.50.935000000 AM','DD-MON-RR HH.MI.SSXFF AM'));
Insert into USSD.TRANSACTIONS (TRANS_NUMBER,AMOUNT,SENDER_ID,RECEIVER_ID,SESSION_ID,TYPE,TIME) values (201,20,111,126,'sxQeILjeUjEk','Bill Pay',to_timestamp('12-SEP-23 05.39.24.196000000 PM','DD-MON-RR HH.MI.SSXFF AM'));
Insert into USSD.TRANSACTIONS (TRANS_NUMBER,AMOUNT,SENDER_ID,RECEIVER_ID,SESSION_ID,TYPE,TIME) values (132,13,111,1988776554,'LqOX7y3wwahH','Mobile Recharge',to_timestamp('23-AUG-23 06.39.55.177000000 PM','DD-MON-RR HH.MI.SSXFF AM'));
Insert into USSD.TRANSACTIONS (TRANS_NUMBER,AMOUNT,SENDER_ID,RECEIVER_ID,SESSION_ID,TYPE,TIME) values (134,33,111,1988776554,'NqUzPeyzpIyF','Mobile Recharge',to_timestamp('24-AUG-23 12.08.05.951000000 PM','DD-MON-RR HH.MI.SSXFF AM'));
Insert into USSD.TRANSACTIONS (TRANS_NUMBER,AMOUNT,SENDER_ID,RECEIVER_ID,SESSION_ID,TYPE,TIME) values (139,33,111,1988776554,'La15ohQCbNmQ','Mobile Recharge',to_timestamp('24-AUG-23 06.31.19.064000000 PM','DD-MON-RR HH.MI.SSXFF AM'));
Insert into USSD.TRANSACTIONS (TRANS_NUMBER,AMOUNT,SENDER_ID,RECEIVER_ID,SESSION_ID,TYPE,TIME) values (140,3,111,1988776554,'2UThS1RqD5zn','Mobile Recharge',to_timestamp('27-AUG-23 10.23.40.627000000 AM','DD-MON-RR HH.MI.SSXFF AM'));
Insert into USSD.TRANSACTIONS (TRANS_NUMBER,AMOUNT,SENDER_ID,RECEIVER_ID,SESSION_ID,TYPE,TIME) values (102,20,111,1999999999,'a0Y7A2ELIMGm','Mobile Recharge',to_timestamp('22-AUG-23 01.11.50.906000000 PM','DD-MON-RR HH.MI.SSXFF AM'));
Insert into USSD.TRANSACTIONS (TRANS_NUMBER,AMOUNT,SENDER_ID,RECEIVER_ID,SESSION_ID,TYPE,TIME) values (111,33,111,1999999999,'QTers71XuE2R','Mobile Recharge',to_timestamp('23-AUG-23 04.23.46.038000000 PM','DD-MON-RR HH.MI.SSXFF AM'));
Insert into USSD.TRANSACTIONS (TRANS_NUMBER,AMOUNT,SENDER_ID,RECEIVER_ID,SESSION_ID,TYPE,TIME) values (117,1,111,1988776554,'L4m614FaEUln','Mobile Recharge',to_timestamp('23-AUG-23 04.54.20.993000000 PM','DD-MON-RR HH.MI.SSXFF AM'));
Insert into USSD.TRANSACTIONS (TRANS_NUMBER,AMOUNT,SENDER_ID,RECEIVER_ID,SESSION_ID,TYPE,TIME) values (118,3,111,1788995667,'5Gr1XmjVxDzT','Mobile Recharge',to_timestamp('23-AUG-23 05.06.27.047000000 PM','DD-MON-RR HH.MI.SSXFF AM'));
Insert into USSD.TRANSACTIONS (TRANS_NUMBER,AMOUNT,SENDER_ID,RECEIVER_ID,SESSION_ID,TYPE,TIME) values (119,3,111,1788998778,'z0jUsoVvfITC','Mobile Recharge',to_timestamp('23-AUG-23 05.10.58.752000000 PM','DD-MON-RR HH.MI.SSXFF AM'));
Insert into USSD.TRANSACTIONS (TRANS_NUMBER,AMOUNT,SENDER_ID,RECEIVER_ID,SESSION_ID,TYPE,TIME) values (120,3,111,1877665443,'kb4FBLWdUVoH','Mobile Recharge',to_timestamp('23-AUG-23 05.13.17.714000000 PM','DD-MON-RR HH.MI.SSXFF AM'));
Insert into USSD.TRANSACTIONS (TRANS_NUMBER,AMOUNT,SENDER_ID,RECEIVER_ID,SESSION_ID,TYPE,TIME) values (121,3,111,1988776554,'li5lC4bq276t','Mobile Recharge',to_timestamp('23-AUG-23 05.19.19.826000000 PM','DD-MON-RR HH.MI.SSXFF AM'));
Insert into USSD.TRANSACTIONS (TRANS_NUMBER,AMOUNT,SENDER_ID,RECEIVER_ID,SESSION_ID,TYPE,TIME) values (122,3,111,1988776554,'rpBfwgGhXw4h','Mobile Recharge',to_timestamp('23-AUG-23 05.23.54.796000000 PM','DD-MON-RR HH.MI.SSXFF AM'));
Insert into USSD.TRANSACTIONS (TRANS_NUMBER,AMOUNT,SENDER_ID,RECEIVER_ID,SESSION_ID,TYPE,TIME) values (123,3,111,1877665443,'BR6Su1Sf85s6','Mobile Recharge',to_timestamp('23-AUG-23 05.27.14.335000000 PM','DD-MON-RR HH.MI.SSXFF AM'));
Insert into USSD.TRANSACTIONS (TRANS_NUMBER,AMOUNT,SENDER_ID,RECEIVER_ID,SESSION_ID,TYPE,TIME) values (124,3,111,1788996775,'wrPSNb1owPSP','Mobile Recharge',to_timestamp('23-AUG-23 05.30.21.000000000 PM','DD-MON-RR HH.MI.SSXFF AM'));
Insert into USSD.TRANSACTIONS (TRANS_NUMBER,AMOUNT,SENDER_ID,RECEIVER_ID,SESSION_ID,TYPE,TIME) values (125,3,111,1877995667,'n9ZHbDYy9qMh','Mobile Recharge',to_timestamp('23-AUG-23 05.33.42.078000000 PM','DD-MON-RR HH.MI.SSXFF AM'));
Insert into USSD.TRANSACTIONS (TRANS_NUMBER,AMOUNT,SENDER_ID,RECEIVER_ID,SESSION_ID,TYPE,TIME) values (126,3,111,1678975687,'cHtobT6rSg1X','Mobile Recharge',to_timestamp('23-AUG-23 05.35.20.692000000 PM','DD-MON-RR HH.MI.SSXFF AM'));
Insert into USSD.TRANSACTIONS (TRANS_NUMBER,AMOUNT,SENDER_ID,RECEIVER_ID,SESSION_ID,TYPE,TIME) values (127,33,111,1766778998,'oGWcDBhYahgL','Mobile Recharge',to_timestamp('23-AUG-23 05.36.20.013000000 PM','DD-MON-RR HH.MI.SSXFF AM'));
Insert into USSD.TRANSACTIONS (TRANS_NUMBER,AMOUNT,SENDER_ID,RECEIVER_ID,SESSION_ID,TYPE,TIME) values (128,3,111,1877996778,'KlnSBQurysLc','Mobile Recharge',to_timestamp('23-AUG-23 05.43.58.312000000 PM','DD-MON-RR HH.MI.SSXFF AM'));
Insert into USSD.TRANSACTIONS (TRANS_NUMBER,AMOUNT,SENDER_ID,RECEIVER_ID,SESSION_ID,TYPE,TIME) values (129,3,111,1988447665,'2k0xKpR7g0cu','Mobile Recharge',to_timestamp('23-AUG-23 05.44.59.560000000 PM','DD-MON-RR HH.MI.SSXFF AM'));
Insert into USSD.TRANSACTIONS (TRANS_NUMBER,AMOUNT,SENDER_ID,RECEIVER_ID,SESSION_ID,TYPE,TIME) values (130,13,111,1988776554,'wdRquwjRRtYS','Mobile Recharge',to_timestamp('23-AUG-23 06.05.00.267000000 PM','DD-MON-RR HH.MI.SSXFF AM'));
Insert into USSD.TRANSACTIONS (TRANS_NUMBER,AMOUNT,SENDER_ID,RECEIVER_ID,SESSION_ID,TYPE,TIME) values (131,13,111,1988776556,'wC7Vwsonxh2i','Mobile Recharge',to_timestamp('23-AUG-23 06.07.29.663000000 PM','DD-MON-RR HH.MI.SSXFF AM'));
Insert into USSD.TRANSACTIONS (TRANS_NUMBER,AMOUNT,SENDER_ID,RECEIVER_ID,SESSION_ID,TYPE,TIME) values (137,20,111,1988776554,'8SiRCoJHuoDw','Mobile Recharge',to_timestamp('24-AUG-23 03.33.50.788000000 PM','DD-MON-RR HH.MI.SSXFF AM'));
Insert into USSD.TRANSACTIONS (TRANS_NUMBER,AMOUNT,SENDER_ID,RECEIVER_ID,SESSION_ID,TYPE,TIME) values (144,3,111,1988776554,'ecNf48u9KGsP','Mobile Recharge',to_timestamp('27-AUG-23 11.45.04.133000000 AM','DD-MON-RR HH.MI.SSXFF AM'));
Insert into USSD.TRANSACTIONS (TRANS_NUMBER,AMOUNT,SENDER_ID,RECEIVER_ID,SESSION_ID,TYPE,TIME) values (145,3,111,1977665443,'P8XSre6q3BPn','Mobile Recharge',to_timestamp('27-AUG-23 11.47.01.210000000 AM','DD-MON-RR HH.MI.SSXFF AM'));
Insert into USSD.TRANSACTIONS (TRANS_NUMBER,AMOUNT,SENDER_ID,RECEIVER_ID,SESSION_ID,TYPE,TIME) values (146,3,111,1977665443,'P8XSre6q3BPn','Mobile Recharge',to_timestamp('27-AUG-23 11.48.20.683000000 AM','DD-MON-RR HH.MI.SSXFF AM'));
--------------------------------------------------------
--  DDL for Index RESPONSE_KEY_PK
--------------------------------------------------------

  CREATE UNIQUE INDEX "USSD"."RESPONSE_KEY_PK" ON "USSD"."API_STATUS_VALUES" ("API") 
  PCTFREE 10 INITRANS 2 MAXTRANS 255 COMPUTE STATISTICS 
  STORAGE(INITIAL 65536 NEXT 1048576 MINEXTENTS 1 MAXEXTENTS 2147483645
  PCTINCREASE 0 FREELISTS 1 FREELIST GROUPS 1
  BUFFER_POOL DEFAULT FLASH_CACHE DEFAULT CELL_FLASH_CACHE DEFAULT)
  TABLESPACE "USERS" ;
--------------------------------------------------------
--  DDL for Index BAL_PK
--------------------------------------------------------

  CREATE UNIQUE INDEX "USSD"."BAL_PK" ON "USSD"."BALANCE" ("CUS_ID") 
  PCTFREE 10 INITRANS 2 MAXTRANS 255 COMPUTE STATISTICS 
  STORAGE(INITIAL 65536 NEXT 1048576 MINEXTENTS 1 MAXEXTENTS 2147483645
  PCTINCREASE 0 FREELISTS 1 FREELIST GROUPS 1
  BUFFER_POOL DEFAULT FLASH_CACHE DEFAULT CELL_FLASH_CACHE DEFAULT)
  TABLESPACE "USERS" ;
--------------------------------------------------------
--  DDL for Index CUS_PK
--------------------------------------------------------

  CREATE UNIQUE INDEX "USSD"."CUS_PK" ON "USSD"."CUSTOMERS" ("CUS_ID") 
  PCTFREE 10 INITRANS 2 MAXTRANS 255 COMPUTE STATISTICS 
  STORAGE(INITIAL 65536 NEXT 1048576 MINEXTENTS 1 MAXEXTENTS 2147483645
  PCTINCREASE 0 FREELISTS 1 FREELIST GROUPS 1
  BUFFER_POOL DEFAULT FLASH_CACHE DEFAULT CELL_FLASH_CACHE DEFAULT)
  TABLESPACE "USERS" ;
--------------------------------------------------------
--  DDL for Index API_PK
--------------------------------------------------------

  CREATE UNIQUE INDEX "USSD"."API_PK" ON "USSD"."INTEGRATED_APIS" ("ID") 
  PCTFREE 10 INITRANS 2 MAXTRANS 255 COMPUTE STATISTICS 
  STORAGE(INITIAL 65536 NEXT 1048576 MINEXTENTS 1 MAXEXTENTS 2147483645
  PCTINCREASE 0 FREELISTS 1 FREELIST GROUPS 1
  BUFFER_POOL DEFAULT FLASH_CACHE DEFAULT CELL_FLASH_CACHE DEFAULT)
  TABLESPACE "USERS" ;
--------------------------------------------------------
--  DDL for Index MODES_PK
--------------------------------------------------------

  CREATE UNIQUE INDEX "USSD"."MODES_PK" ON "USSD"."MODES" ("SERVICE_ID") 
  PCTFREE 10 INITRANS 2 MAXTRANS 255 COMPUTE STATISTICS 
  STORAGE(INITIAL 65536 NEXT 1048576 MINEXTENTS 1 MAXEXTENTS 2147483645
  PCTINCREASE 0 FREELISTS 1 FREELIST GROUPS 1
  BUFFER_POOL DEFAULT FLASH_CACHE DEFAULT CELL_FLASH_CACHE DEFAULT)
  TABLESPACE "USERS" ;
--------------------------------------------------------
--  DDL for Index PW_PK
--------------------------------------------------------

  CREATE UNIQUE INDEX "USSD"."PW_PK" ON "USSD"."PASSWORDS" ("CUS_ID") 
  PCTFREE 10 INITRANS 2 MAXTRANS 255 COMPUTE STATISTICS 
  STORAGE(INITIAL 65536 NEXT 1048576 MINEXTENTS 1 MAXEXTENTS 2147483645
  PCTINCREASE 0 FREELISTS 1 FREELIST GROUPS 1
  BUFFER_POOL DEFAULT FLASH_CACHE DEFAULT CELL_FLASH_CACHE DEFAULT)
  TABLESPACE "USERS" ;
--------------------------------------------------------
--  DDL for Index PROVIDER_PK
--------------------------------------------------------

  CREATE UNIQUE INDEX "USSD"."PROVIDER_PK" ON "USSD"."PROVIDER" ("MENU") 
  PCTFREE 10 INITRANS 2 MAXTRANS 255 COMPUTE STATISTICS 
  STORAGE(INITIAL 65536 NEXT 1048576 MINEXTENTS 1 MAXEXTENTS 2147483645
  PCTINCREASE 0 FREELISTS 1 FREELIST GROUPS 1
  BUFFER_POOL DEFAULT FLASH_CACHE DEFAULT CELL_FLASH_CACHE DEFAULT)
  TABLESPACE "USERS" ;
--------------------------------------------------------
--  DDL for Index SERVICE_PK
--------------------------------------------------------

  CREATE UNIQUE INDEX "USSD"."SERVICE_PK" ON "USSD"."SERVICE_CLASSES" ("SERVICE_ID") 
  PCTFREE 10 INITRANS 2 MAXTRANS 255 COMPUTE STATISTICS 
  STORAGE(INITIAL 65536 NEXT 1048576 MINEXTENTS 1 MAXEXTENTS 2147483645
  PCTINCREASE 0 FREELISTS 1 FREELIST GROUPS 1
  BUFFER_POOL DEFAULT FLASH_CACHE DEFAULT CELL_FLASH_CACHE DEFAULT)
  TABLESPACE "USERS" ;
--------------------------------------------------------
--  DDL for Index SDATA_PK
--------------------------------------------------------

  CREATE UNIQUE INDEX "USSD"."SDATA_PK" ON "USSD"."SESSION_DATA" ("SESSION_ID") 
  PCTFREE 10 INITRANS 2 MAXTRANS 255 COMPUTE STATISTICS 
  STORAGE(INITIAL 65536 NEXT 1048576 MINEXTENTS 1 MAXEXTENTS 2147483645
  PCTINCREASE 0 FREELISTS 1 FREELIST GROUPS 1
  BUFFER_POOL DEFAULT FLASH_CACHE DEFAULT CELL_FLASH_CACHE DEFAULT)
  TABLESPACE "USERS" ;
--------------------------------------------------------
--  DDL for Index TRAN_PK
--------------------------------------------------------

  CREATE UNIQUE INDEX "USSD"."TRAN_PK" ON "USSD"."TRANSACTIONS" ("TRANS_NUMBER") 
  PCTFREE 10 INITRANS 2 MAXTRANS 255 COMPUTE STATISTICS 
  STORAGE(INITIAL 65536 NEXT 1048576 MINEXTENTS 1 MAXEXTENTS 2147483645
  PCTINCREASE 0 FREELISTS 1 FREELIST GROUPS 1
  BUFFER_POOL DEFAULT FLASH_CACHE DEFAULT CELL_FLASH_CACHE DEFAULT)
  TABLESPACE "USERS" ;
--------------------------------------------------------
--  Constraints for Table API_STATUS_VALUES
--------------------------------------------------------

  ALTER TABLE "USSD"."API_STATUS_VALUES" ADD CONSTRAINT "RESPONSE_KEY_PK" PRIMARY KEY ("API")
  USING INDEX PCTFREE 10 INITRANS 2 MAXTRANS 255 COMPUTE STATISTICS 
  STORAGE(INITIAL 65536 NEXT 1048576 MINEXTENTS 1 MAXEXTENTS 2147483645
  PCTINCREASE 0 FREELISTS 1 FREELIST GROUPS 1
  BUFFER_POOL DEFAULT FLASH_CACHE DEFAULT CELL_FLASH_CACHE DEFAULT)
  TABLESPACE "USERS"  ENABLE;
  ALTER TABLE "USSD"."API_STATUS_VALUES" MODIFY ("STATUS_OK_IF" NOT NULL ENABLE);
  ALTER TABLE "USSD"."API_STATUS_VALUES" MODIFY ("XML_ROOT" NOT NULL ENABLE);
--------------------------------------------------------
--  Constraints for Table BALANCE
--------------------------------------------------------

  ALTER TABLE "USSD"."BALANCE" MODIFY ("CUS_ID" NOT NULL ENABLE);
  ALTER TABLE "USSD"."BALANCE" MODIFY ("BALANCE" NOT NULL ENABLE);
  ALTER TABLE "USSD"."BALANCE" ADD CONSTRAINT "BAL_PK" PRIMARY KEY ("CUS_ID")
  USING INDEX PCTFREE 10 INITRANS 2 MAXTRANS 255 COMPUTE STATISTICS 
  STORAGE(INITIAL 65536 NEXT 1048576 MINEXTENTS 1 MAXEXTENTS 2147483645
  PCTINCREASE 0 FREELISTS 1 FREELIST GROUPS 1
  BUFFER_POOL DEFAULT FLASH_CACHE DEFAULT CELL_FLASH_CACHE DEFAULT)
  TABLESPACE "USERS"  ENABLE;
--------------------------------------------------------
--  Constraints for Table BILLER_MAP
--------------------------------------------------------

  ALTER TABLE "USSD"."BILLER_MAP" MODIFY ("CUS_ID" NOT NULL ENABLE);
  ALTER TABLE "USSD"."BILLER_MAP" MODIFY ("NAME" NOT NULL ENABLE);
  ALTER TABLE "USSD"."BILLER_MAP" MODIFY ("CATEGORY" NOT NULL ENABLE);
--------------------------------------------------------
--  Constraints for Table CUSTOMERS
--------------------------------------------------------

  ALTER TABLE "USSD"."CUSTOMERS" MODIFY ("NAME" NOT NULL ENABLE);
  ALTER TABLE "USSD"."CUSTOMERS" MODIFY ("STATUS" NOT NULL ENABLE);
  ALTER TABLE "USSD"."CUSTOMERS" ADD CONSTRAINT "CUS_PK" PRIMARY KEY ("CUS_ID")
  USING INDEX PCTFREE 10 INITRANS 2 MAXTRANS 255 COMPUTE STATISTICS 
  STORAGE(INITIAL 65536 NEXT 1048576 MINEXTENTS 1 MAXEXTENTS 2147483645
  PCTINCREASE 0 FREELISTS 1 FREELIST GROUPS 1
  BUFFER_POOL DEFAULT FLASH_CACHE DEFAULT CELL_FLASH_CACHE DEFAULT)
  TABLESPACE "USERS"  ENABLE;
  ALTER TABLE "USSD"."CUSTOMERS" ADD CONSTRAINT "CHK_STATUS_VALUES" CHECK (STATUS IN ('ACTIVE', 'LOCKED', 'FROZEN')) ENABLE;
--------------------------------------------------------
--  Constraints for Table INTEGRATED_APIS
--------------------------------------------------------

  ALTER TABLE "USSD"."INTEGRATED_APIS" ADD CONSTRAINT "API_PK" PRIMARY KEY ("ID")
  USING INDEX PCTFREE 10 INITRANS 2 MAXTRANS 255 COMPUTE STATISTICS 
  STORAGE(INITIAL 65536 NEXT 1048576 MINEXTENTS 1 MAXEXTENTS 2147483645
  PCTINCREASE 0 FREELISTS 1 FREELIST GROUPS 1
  BUFFER_POOL DEFAULT FLASH_CACHE DEFAULT CELL_FLASH_CACHE DEFAULT)
  TABLESPACE "USERS"  ENABLE;
--------------------------------------------------------
--  Constraints for Table MENU_REGEX
--------------------------------------------------------

  ALTER TABLE "USSD"."MENU_REGEX" MODIFY ("MENU" NOT NULL ENABLE);
  ALTER TABLE "USSD"."MENU_REGEX" MODIFY ("REGEX" NOT NULL ENABLE);
  ALTER TABLE "USSD"."MENU_REGEX" MODIFY ("ERROR_MSG" NOT NULL ENABLE);
--------------------------------------------------------
--  Constraints for Table MENU_ROUTES
--------------------------------------------------------

  ALTER TABLE "USSD"."MENU_ROUTES" MODIFY ("ACCOUNT_TYPE" NOT NULL ENABLE);
  ALTER TABLE "USSD"."MENU_ROUTES" MODIFY ("PREV_RESPONSE" NOT NULL ENABLE);
  ALTER TABLE "USSD"."MENU_ROUTES" MODIFY ("NEXT_RESPONSE" NOT NULL ENABLE);
  ALTER TABLE "USSD"."MENU_ROUTES" MODIFY ("UINPUT" NOT NULL ENABLE);
  ALTER TABLE "USSD"."MENU_ROUTES" MODIFY ("SERVICE_ID" NOT NULL ENABLE);
  ALTER TABLE "USSD"."MENU_ROUTES" ADD CONSTRAINT "MENU_PK" PRIMARY KEY ("NEXT_RESPONSE") DISABLE;
--------------------------------------------------------
--  Constraints for Table MODES
--------------------------------------------------------

  ALTER TABLE "USSD"."MODES" MODIFY ("OPTION_NAME" NOT NULL ENABLE);
  ALTER TABLE "USSD"."MODES" MODIFY ("S_TYPE" NOT NULL ENABLE);
  ALTER TABLE "USSD"."MODES" MODIFY ("R_TYPE" NOT NULL ENABLE);
  ALTER TABLE "USSD"."MODES" MODIFY ("CHARGES" NOT NULL ENABLE);
  ALTER TABLE "USSD"."MODES" ADD CONSTRAINT "MODES_PK" PRIMARY KEY ("SERVICE_ID")
  USING INDEX PCTFREE 10 INITRANS 2 MAXTRANS 255 COMPUTE STATISTICS 
  STORAGE(INITIAL 65536 NEXT 1048576 MINEXTENTS 1 MAXEXTENTS 2147483645
  PCTINCREASE 0 FREELISTS 1 FREELIST GROUPS 1
  BUFFER_POOL DEFAULT FLASH_CACHE DEFAULT CELL_FLASH_CACHE DEFAULT)
  TABLESPACE "USERS"  ENABLE;
--------------------------------------------------------
--  Constraints for Table PAGE_LIST
--------------------------------------------------------

  ALTER TABLE "USSD"."PAGE_LIST" MODIFY ("MENU" NOT NULL ENABLE);
  ALTER TABLE "USSD"."PAGE_LIST" MODIFY ("ENTRIES" NOT NULL ENABLE);
--------------------------------------------------------
--  Constraints for Table PASSWORDS
--------------------------------------------------------

  ALTER TABLE "USSD"."PASSWORDS" MODIFY ("CUS_ID" NOT NULL ENABLE);
  ALTER TABLE "USSD"."PASSWORDS" MODIFY ("PASSWORD" NOT NULL ENABLE);
  ALTER TABLE "USSD"."PASSWORDS" ADD CONSTRAINT "PW_PK" PRIMARY KEY ("CUS_ID")
  USING INDEX PCTFREE 10 INITRANS 2 MAXTRANS 255 COMPUTE STATISTICS 
  STORAGE(INITIAL 65536 NEXT 1048576 MINEXTENTS 1 MAXEXTENTS 2147483645
  PCTINCREASE 0 FREELISTS 1 FREELIST GROUPS 1
  BUFFER_POOL DEFAULT FLASH_CACHE DEFAULT CELL_FLASH_CACHE DEFAULT)
  TABLESPACE "USERS"  ENABLE;
--------------------------------------------------------
--  Constraints for Table PROVIDER
--------------------------------------------------------

  ALTER TABLE "USSD"."PROVIDER" MODIFY ("CUS_ID" NOT NULL ENABLE);
  ALTER TABLE "USSD"."PROVIDER" ADD CONSTRAINT "PROVIDER_PK" PRIMARY KEY ("MENU")
  USING INDEX PCTFREE 10 INITRANS 2 MAXTRANS 255 COMPUTE STATISTICS 
  STORAGE(INITIAL 65536 NEXT 1048576 MINEXTENTS 1 MAXEXTENTS 2147483645
  PCTINCREASE 0 FREELISTS 1 FREELIST GROUPS 1
  BUFFER_POOL DEFAULT FLASH_CACHE DEFAULT CELL_FLASH_CACHE DEFAULT)
  TABLESPACE "USERS"  ENABLE;
  ALTER TABLE "USSD"."PROVIDER" MODIFY ("API_ID" NOT NULL ENABLE);
--------------------------------------------------------
--  Constraints for Table REQUEST_BODY_GETTERS
--------------------------------------------------------

  ALTER TABLE "USSD"."REQUEST_BODY_GETTERS" MODIFY ("API" NOT NULL ENABLE);
  ALTER TABLE "USSD"."REQUEST_BODY_GETTERS" MODIFY ("TEMPLATE_VAL" NOT NULL ENABLE);
  ALTER TABLE "USSD"."REQUEST_BODY_GETTERS" MODIFY ("GETTER" NOT NULL ENABLE);
--------------------------------------------------------
--  Constraints for Table REQUEST_DATA
--------------------------------------------------------

  ALTER TABLE "USSD"."REQUEST_DATA" MODIFY ("METHOD" NOT NULL ENABLE);
  ALTER TABLE "USSD"."REQUEST_DATA" MODIFY ("API" NOT NULL ENABLE);
  ALTER TABLE "USSD"."REQUEST_DATA" MODIFY ("BODY_TEMPLATE" NOT NULL ENABLE);
--------------------------------------------------------
--  Constraints for Table REQUEST_HEADERS
--------------------------------------------------------

  ALTER TABLE "USSD"."REQUEST_HEADERS" MODIFY ("API_ID" NOT NULL ENABLE);
  ALTER TABLE "USSD"."REQUEST_HEADERS" MODIFY ("KEY" NOT NULL ENABLE);
  ALTER TABLE "USSD"."REQUEST_HEADERS" MODIFY ("VALUE" NOT NULL ENABLE);
--------------------------------------------------------
--  Constraints for Table RESPONSES
--------------------------------------------------------

  ALTER TABLE "USSD"."RESPONSES" MODIFY ("PAGINATION_REQUIRED" NOT NULL ENABLE);
  ALTER TABLE "USSD"."RESPONSES" MODIFY ("MENU" NOT NULL ENABLE);
  ALTER TABLE "USSD"."RESPONSES" MODIFY ("RES_STR" NOT NULL ENABLE);
--------------------------------------------------------
--  Constraints for Table SERVICE_CLASSES
--------------------------------------------------------

  ALTER TABLE "USSD"."SERVICE_CLASSES" ADD CONSTRAINT "SERVICE_PK" PRIMARY KEY ("SERVICE_ID")
  USING INDEX PCTFREE 10 INITRANS 2 MAXTRANS 255 COMPUTE STATISTICS 
  STORAGE(INITIAL 65536 NEXT 1048576 MINEXTENTS 1 MAXEXTENTS 2147483645
  PCTINCREASE 0 FREELISTS 1 FREELIST GROUPS 1
  BUFFER_POOL DEFAULT FLASH_CACHE DEFAULT CELL_FLASH_CACHE DEFAULT)
  TABLESPACE "USERS"  ENABLE;
--------------------------------------------------------
--  Constraints for Table SESSION_DATA
--------------------------------------------------------

  ALTER TABLE "USSD"."SESSION_DATA" MODIFY ("SESSION_ID" NOT NULL ENABLE);
  ALTER TABLE "USSD"."SESSION_DATA" MODIFY ("SIM" NOT NULL ENABLE);
  ALTER TABLE "USSD"."SESSION_DATA" MODIFY ("LAST_UPDATE" NOT NULL ENABLE);
  ALTER TABLE "USSD"."SESSION_DATA" ADD CONSTRAINT "SDATA_PK" PRIMARY KEY ("SESSION_ID")
  USING INDEX PCTFREE 10 INITRANS 2 MAXTRANS 255 COMPUTE STATISTICS 
  STORAGE(INITIAL 65536 NEXT 1048576 MINEXTENTS 1 MAXEXTENTS 2147483645
  PCTINCREASE 0 FREELISTS 1 FREELIST GROUPS 1
  BUFFER_POOL DEFAULT FLASH_CACHE DEFAULT CELL_FLASH_CACHE DEFAULT)
  TABLESPACE "USERS"  ENABLE;
  ALTER TABLE "USSD"."SESSION_DATA" MODIFY ("ON_PAGE" NOT NULL ENABLE);
--------------------------------------------------------
--  Constraints for Table SESSION_LOG
--------------------------------------------------------

  ALTER TABLE "USSD"."SESSION_LOG" MODIFY ("SESSION_ID" NOT NULL ENABLE);
  ALTER TABLE "USSD"."SESSION_LOG" MODIFY ("UINPUT" NOT NULL ENABLE);
--------------------------------------------------------
--  Constraints for Table TRANSACTIONS
--------------------------------------------------------

  ALTER TABLE "USSD"."TRANSACTIONS" MODIFY ("TRANS_NUMBER" NOT NULL ENABLE);
  ALTER TABLE "USSD"."TRANSACTIONS" ADD CONSTRAINT "TRAN_PK" PRIMARY KEY ("TRANS_NUMBER")
  USING INDEX PCTFREE 10 INITRANS 2 MAXTRANS 255 COMPUTE STATISTICS 
  STORAGE(INITIAL 65536 NEXT 1048576 MINEXTENTS 1 MAXEXTENTS 2147483645
  PCTINCREASE 0 FREELISTS 1 FREELIST GROUPS 1
  BUFFER_POOL DEFAULT FLASH_CACHE DEFAULT CELL_FLASH_CACHE DEFAULT)
  TABLESPACE "USERS"  ENABLE;
